timestamp,datetime,passing_vehicles_count
1744383290,2025-04-11 17:54:50,0
1744383892,2025-04-11 18:04:52,0
1744384492,2025-04-11 18:14:52,0
1744385118,2025-04-11 18:25:18,0
1744385719,2025-04-11 18:35:19,0
1744386327,2025-04-11 18:45:27,0
1744386937,2025-04-11 18:55:37,0
1744387539,2025-04-11 19:05:39,0
1744388154,2025-04-11 19:15:54,0
1744388748,2025-04-11 19:25:48,0
1744389366,2025-04-11 19:36:06,0
1744389969,2025-04-11 19:46:09,0
1744390567,2025-04-11 19:56:07,0
1744391172,2025-04-11 20:06:12,0
1744391770,2025-04-11 20:16:10,0
1744392372,2025-04-11 20:26:12,0
1744393016,2025-04-11 20:36:56,0
1744393631,2025-04-11 20:47:11,0
1744394239,2025-04-11 20:57:19,0
1744394837,2025-04-11 21:07:17,0
1744395437,2025-04-11 21:17:17,0
1744396036,2025-04-11 21:27:16,0
1744396636,2025-04-11 21:37:16,0
1744397237,2025-04-11 21:47:17,0
1744397867,2025-04-11 21:57:47,0
1744398440,2025-04-11 22:07:20,0
1744399036,2025-04-11 22:17:16,0
1744399677,2025-04-11 22:27:57,0
1744408844,2025-04-12 01:00:44,0
1744409444,2025-04-12 01:10:44,0
1744410049,2025-04-12 01:20:49,0
1744410653,2025-04-12 01:30:53,0
1744411261,2025-04-12 01:41:01,0
1744411870,2025-04-12 01:51:10,0
1744412512,2025-04-12 02:01:52,0
1744413115,2025-04-12 02:11:55,0
1744413729,2025-04-12 02:22:09,0
1744414329,2025-04-12 02:32:09,0
1744414943,2025-04-12 02:42:23,0
1744414944,2025-04-12 02:42:24,0
1744415577,2025-04-12 02:52:57,0
1744416195,2025-04-12 03:03:15,0
1744416797,2025-04-12 03:13:17,0
1744417427,2025-04-12 03:23:47,0
1744418043,2025-04-12 03:34:03,0
1744418758,2025-04-12 03:45:58,0
1744419394,2025-04-12 03:56:34,0
1744420002,2025-04-12 04:06:42,0
1744420683,2025-04-12 04:18:03,0
1744421337,2025-04-12 04:28:57,0
1744421958,2025-04-12 04:39:18,0
1744422639,2025-04-12 04:50:39,0
1744423338,2025-04-12 05:02:18,0
1744424055,2025-04-12 05:14:15,0
1744424722,2025-04-12 05:25:22,0
1744425393,2025-04-12 05:36:33,0
1744426157,2025-04-12 05:49:17,0
1744426774,2025-04-12 05:59:34,0
1744428344,2025-04-12 06:25:44,0
1744428944,2025-04-12 06:35:44,0
1744429602,2025-04-12 06:46:42,0
1744430212,2025-04-12 06:56:52,0
1744430996,2025-04-12 07:09:56,0
1744431707,2025-04-12 07:21:47,0
1744432584,2025-04-12 07:36:24,0
1744433563,2025-04-12 07:52:43,0
1744434216,2025-04-12 08:03:36,0
1744434872,2025-04-12 08:14:32,0
1744435474,2025-04-12 08:24:34,0
1744436072,2025-04-12 08:34:32,0
1744436674,2025-04-12 08:44:34,0
1744437271,2025-04-12 08:54:31,0
1744438475,2025-04-12 09:14:35,0
1744439074,2025-04-12 09:24:34,0
1744439672,2025-04-12 09:34:32,0
1744440280,2025-04-12 09:44:40,0
1744441540,2025-04-12 10:05:40,0
1744442141,2025-04-12 10:15:41,0
1744442755,2025-04-12 10:25:55,0
1744443365,2025-04-12 10:36:05,0
1744443988,2025-04-12 10:46:28,0
1744444586,2025-04-12 10:56:26,0
1744445194,2025-04-12 11:06:34,0
1744445795,2025-04-12 11:16:35,0
1744446394,2025-04-12 11:26:34,0
1744447035,2025-04-12 11:37:15,0
1744448821,2025-04-12 12:07:01,0
1744449471,2025-04-12 12:17:51,0
1744450071,2025-04-12 12:27:51,0
1744450672,2025-04-12 12:37:52,0
1744451272,2025-04-12 12:47:52,0
1744451870,2025-04-12 12:57:50,0
1744452492,2025-04-12 13:08:12,0
1744453090,2025-04-12 13:18:10,0
1744453688,2025-04-12 13:28:08,0
1744454290,2025-04-12 13:38:10,0
1744454891,2025-04-12 13:48:11,0
1744455490,2025-04-12 13:58:10,0
1744456091,2025-04-12 14:08:11,0
1744456690,2025-04-12 14:18:10,0
1744457289,2025-04-12 14:28:09,0
1744457905,2025-04-12 14:38:25,0
1744458503,2025-04-12 14:48:23,0
1744459102,2025-04-12 14:58:22,0
1744459703,2025-04-12 15:08:23,0
1744460326,2025-04-12 15:18:46,0
1744460926,2025-04-12 15:28:46,0
1744461534,2025-04-12 15:38:54,0
1744462136,2025-04-12 15:48:56,0
1744462734,2025-04-12 15:58:54,0
1744463338,2025-04-12 16:08:58,0
1744463934,2025-04-12 16:18:54,0
1744464536,2025-04-12 16:28:56,0
1744465153,2025-04-12 16:39:13,0
1744465753,2025-04-12 16:49:13,0
1744466354,2025-04-12 16:59:14,0
1744466953,2025-04-12 17:09:13,0
1744467569,2025-04-12 17:19:29,0
1744468170,2025-04-12 17:29:30,0
1744468769,2025-04-12 17:39:29,0
1744469368,2025-04-12 17:49:28,0
1744469969,2025-04-12 17:59:29,0
1744470571,2025-04-12 18:09:31,0
1744471188,2025-04-12 18:19:48,0
1744471787,2025-04-12 18:29:47,0
1744472385,2025-04-12 18:39:45,0
1744472987,2025-04-12 18:49:47,0
1744473585,2025-04-12 18:59:45,0
1744474196,2025-04-12 19:09:56,0
1744474821,2025-04-12 19:20:21,0
1744475419,2025-04-12 19:30:19,0
1744476022,2025-04-12 19:40:22,0
1744476620,2025-04-12 19:50:20,0
1744477228,2025-04-12 20:00:28,0
1744477850,2025-04-12 20:10:50,0
1744478449,2025-04-12 20:20:49,0
1744479047,2025-04-12 20:30:47,0
1744479652,2025-04-12 20:40:52,0
1744480289,2025-04-12 20:51:29,0
1744480880,2025-04-12 21:01:20,0
1744481482,2025-04-12 21:11:22,0
1744482080,2025-04-12 21:21:20,0
1744482699,2025-04-12 21:31:39,0
1744483298,2025-04-12 21:41:38,0
1744483909,2025-04-12 21:51:49,0
1744484506,2025-04-12 22:01:46,0
1744485114,2025-04-12 22:11:54,0
1744485711,2025-04-12 22:21:51,0
1744486314,2025-04-12 22:31:54,0
1744486912,2025-04-12 22:41:52,0
1744487512,2025-04-12 22:51:52,0
1744488111,2025-04-12 23:01:51,0
1744497888,2025-04-13 01:44:48,0
1744499689,2025-04-13 02:14:49,0
1744500310,2025-04-13 02:25:10,0
1744500934,2025-04-13 02:35:34,0
1744502184,2025-04-13 02:56:24,0
1744502788,2025-04-13 03:06:28,0
1744503387,2025-04-13 03:16:27,0
1744503987,2025-04-13 03:26:27,0
1744504587,2025-04-13 03:36:27,0
1744505186,2025-04-13 03:46:26,0
1744505798,2025-04-13 03:56:38,0
1744506398,2025-04-13 04:06:38,0
1744507693,2025-04-13 04:28:13,0
1744508293,2025-04-13 04:38:13,0
1744508892,2025-04-13 04:48:12,0
1744509777,2025-04-13 05:02:57,0
1744510499,2025-04-13 05:14:59,0
1744511105,2025-04-13 05:25:05,0
1744511741,2025-04-13 05:35:41,0
1744512364,2025-04-13 05:46:04,0
1744512965,2025-04-13 05:56:05,0
1744513565,2025-04-13 06:06:05,0
1744514346,2025-04-13 06:19:06,0
1744514945,2025-04-13 06:29:05,0
1744515545,2025-04-13 06:39:05,0
1744516163,2025-04-13 06:49:23,0
1744516892,2025-04-13 07:01:32,0
1744517591,2025-04-13 07:13:11,0
1744518931,2025-04-13 07:35:31,0
1744518935,2025-04-13 07:35:35,0
1744519551,2025-04-13 07:45:51,0
1744520156,2025-04-13 07:55:56,0
1744521374,2025-04-13 08:16:14,0
1744522583,2025-04-13 08:36:23,0
1744523828,2025-04-13 08:57:08,0
1744524450,2025-04-13 09:07:30,0
1744525690,2025-04-13 09:28:10,0
1744526291,2025-04-13 09:38:11,0
1744527545,2025-04-13 09:59:05,0
1744528153,2025-04-13 10:09:13,0
1744529423,2025-04-13 10:30:23,0
1744529424,2025-04-13 10:30:24,0
1744530090,2025-04-13 10:41:30,0
1744530740,2025-04-13 10:52:20,0
1744531345,2025-04-13 11:02:25,0
1744532111,2025-04-13 11:15:11,0
1744532112,2025-04-13 11:15:12,0
1744532709,2025-04-13 11:25:09,0
1744533323,2025-04-13 11:35:23,0
1744533969,2025-04-13 11:46:09,0
1744534591,2025-04-13 11:56:31,0
1744535203,2025-04-13 12:06:43,0
1744535802,2025-04-13 12:16:42,0
1744535803,2025-04-13 12:16:43,0
1744537060,2025-04-13 12:37:40,0
1744537658,2025-04-13 12:47:38,0
1744538259,2025-04-13 12:57:39,0
1744540139,2025-04-13 13:28:59,0
1744540745,2025-04-13 13:39:05,0
1744541346,2025-04-13 13:49:06,0
1744541986,2025-04-13 13:59:46,0
1744542599,2025-04-13 14:09:59,0
1744543808,2025-04-13 14:30:08,0
1744544410,2025-04-13 14:40:10,0
1744544411,2025-04-13 14:40:11,0
1744545011,2025-04-13 14:50:11,0
1744545242,2025-04-13 14:54:02,0
1744545612,2025-04-13 15:00:12,0
1744546236,2025-04-13 15:10:36,0
1744546838,2025-04-13 15:20:38,0
1744547476,2025-04-13 15:31:16,0
1744548075,2025-04-13 15:41:15,0
1744548675,2025-04-13 15:51:15,0
1744549280,2025-04-13 16:01:20,0
1744549900,2025-04-13 16:11:40,0
1744550513,2025-04-13 16:21:53,0
1744551120,2025-04-13 16:32:00,0
1744551731,2025-04-13 16:42:11,0
1744552332,2025-04-13 16:52:12,0
1744552931,2025-04-13 17:02:11,0
1744553533,2025-04-13 17:12:13,0
1744554131,2025-04-13 17:22:11,0
1744555352,2025-04-13 17:42:32,0
1744555985,2025-04-13 17:53:05,0
1744556583,2025-04-13 18:03:03,0
1744557183,2025-04-13 18:13:03,0
1744557794,2025-04-13 18:23:14,0
1744558398,2025-04-13 18:33:18,0
1744559021,2025-04-13 18:43:41,0
1744559622,2025-04-13 18:53:42,0
1744560224,2025-04-13 19:03:44,0
1744560828,2025-04-13 19:13:48,0
1744561427,2025-04-13 19:23:47,0
1744562034,2025-04-13 19:33:54,0
1744562634,2025-04-13 19:43:54,0
1744563241,2025-04-13 19:54:01,0
1744563840,2025-04-13 20:04:00,0
1744564440,2025-04-13 20:14:00,0
1744565040,2025-04-13 20:24:00,0
1744565641,2025-04-13 20:34:01,0
1744567443,2025-04-13 21:04:03,0
1744568041,2025-04-13 21:14:01,0
1744568643,2025-04-13 21:24:03,0
1744569240,2025-04-13 21:34:00,0
1744569854,2025-04-13 21:44:14,0
1744570452,2025-04-13 21:54:12,0
1744571081,2025-04-13 22:04:41,0
1744571085,2025-04-13 22:04:45,0
1744572282,2025-04-13 22:24:42,0
1744573501,2025-04-13 22:45:01,0
1744574103,2025-04-13 22:55:03,0
1744574704,2025-04-13 23:05:04,0
1744575303,2025-04-13 23:15:03,0
1744575904,2025-04-13 23:25:04,0
1744583900,2025-04-14 01:38:20,0
1744584500,2025-04-14 01:48:20,0
1744585701,2025-04-14 02:08:21,0
1744585702,2025-04-14 02:08:22,0
1744586302,2025-04-14 02:18:22,0
1744586901,2025-04-14 02:28:21,0
1744588103,2025-04-14 02:48:23,0
1744588702,2025-04-14 02:58:22,0
1744589303,2025-04-14 03:08:23,0
1744589903,2025-04-14 03:18:23,0
1744590504,2025-04-14 03:28:24,0
1744591105,2025-04-14 03:38:25,0
1744592306,2025-04-14 03:58:26,0
1744593504,2025-04-14 04:18:24,0
1744594104,2025-04-14 04:28:24,0
1744594706,2025-04-14 04:38:26,0
1744595306,2025-04-14 04:48:26,0
1744595906,2025-04-14 04:58:26,0
1744596508,2025-04-14 05:08:28,0
1744597109,2025-04-14 05:18:29,0
1744597709,2025-04-14 05:28:29,0
1744598308,2025-04-14 05:38:28,0
1744598910,2025-04-14 05:48:30,0
1744599510,2025-04-14 05:58:30,0
1744600112,2025-04-14 06:08:32,0
1744600709,2025-04-14 06:18:29,0
1744601309,2025-04-14 06:28:29,0
1744601909,2025-04-14 06:38:29,0
1744602512,2025-04-14 06:48:32,0
1744603111,2025-04-14 06:58:31,0
1744603710,2025-04-14 07:08:30,0
1744603712,2025-04-14 07:08:32,0
1744604756,2025-04-14 07:25:56,0
1744605384,2025-04-14 07:36:24,0
1744605988,2025-04-14 07:46:28,0
1744606620,2025-04-14 07:57:00,0
1744607250,2025-04-14 08:07:30,0
1744607934,2025-04-14 08:18:54,0
1744608636,2025-04-14 08:30:36,0
1744609381,2025-04-14 08:43:01,0
1744610022,2025-04-14 08:53:42,0
1744611281,2025-04-14 09:14:41,0
1744611895,2025-04-14 09:24:55,0
1744612511,2025-04-14 09:35:11,0
1744613111,2025-04-14 09:45:11,0
1744613723,2025-04-14 09:55:23,0
1744614337,2025-04-14 10:05:37,0
1744614936,2025-04-14 10:15:36,0
1744616133,2025-04-14 10:35:33,0
1744616739,2025-04-14 10:45:39,0
1744617333,2025-04-14 10:55:33,0
1744617955,2025-04-14 11:05:55,0
1744618555,2025-04-14 11:15:55,0
1744619163,2025-04-14 11:26:03,0
1744619765,2025-04-14 11:36:05,0
1744620979,2025-04-14 11:56:19,0
1744621581,2025-04-14 12:06:21,0
1744622194,2025-04-14 12:16:34,0
1744622795,2025-04-14 12:26:35,0
1744623394,2025-04-14 12:36:34,0
1744624005,2025-04-14 12:46:45,0
1744624666,2025-04-14 12:57:46,0
1744625270,2025-04-14 13:07:50,0
1744626472,2025-04-14 13:27:52,0
1744627073,2025-04-14 13:37:53,0
1744627675,2025-04-14 13:47:55,0
1744628277,2025-04-14 13:57:57,0
1744628878,2025-04-14 14:07:58,0
1744629495,2025-04-14 14:18:15,0
1744630102,2025-04-14 14:28:22,0
1744630702,2025-04-14 14:38:22,0
1744631301,2025-04-14 14:48:21,0
1744631917,2025-04-14 14:58:37,0
1744632516,2025-04-14 15:08:36,0
1744633117,2025-04-14 15:18:37,0
1744633716,2025-04-14 15:28:36,0
1744634317,2025-04-14 15:38:37,0
1744634916,2025-04-14 15:48:36,0
1744635517,2025-04-14 15:58:37,0
1744636115,2025-04-14 16:08:35,0
1744636717,2025-04-14 16:18:37,0
1744637315,2025-04-14 16:28:35,0
1744637917,2025-04-14 16:38:37,0
1744638515,2025-04-14 16:48:35,0
1744639117,2025-04-14 16:58:37,0
1744639716,2025-04-14 17:08:36,0
1744640318,2025-04-14 17:18:38,0
1744640916,2025-04-14 17:28:36,0
1744641518,2025-04-14 17:38:38,0
1744642134,2025-04-14 17:48:54,0
1744642732,2025-04-14 17:58:52,0
1744643334,2025-04-14 18:08:54,0
1744643932,2025-04-14 18:18:52,0
1744645141,2025-04-14 18:39:01,0
1744645741,2025-04-14 18:49:01,0
1744646341,2025-04-14 18:59:01,0
1744646947,2025-04-14 19:09:07,0
1744647544,2025-04-14 19:19:04,0
1744648146,2025-04-14 19:29:06,0
1744648762,2025-04-14 19:39:22,0
1744649363,2025-04-14 19:49:23,0
1744649965,2025-04-14 19:59:25,0
1744650564,2025-04-14 20:09:24,0
1744651165,2025-04-14 20:19:25,0
1744651763,2025-04-14 20:29:23,0
1744652371,2025-04-14 20:39:31,0
1744652972,2025-04-14 20:49:32,0
1744653571,2025-04-14 20:59:31,0
1744654172,2025-04-14 21:09:32,0
1744654771,2025-04-14 21:19:31,0
1744655373,2025-04-14 21:29:33,0
1744655980,2025-04-14 21:39:40,0
1744656579,2025-04-14 21:49:39,0
1744657180,2025-04-14 21:59:40,0
1744657782,2025-04-14 22:09:42,0
1744658379,2025-04-14 22:19:39,0
1744658934,2025-04-14 22:28:54,0
1744658977,2025-04-14 22:29:37,0
1744660178,2025-04-14 22:49:38,0
1744660778,2025-04-14 22:59:38,0
1744662581,2025-04-14 23:29:41,0
1744663183,2025-04-14 23:39:43,0
1744663783,2025-04-14 23:49:43,0
1744664385,2025-04-14 23:59:45,0
1744667399,2025-04-15 00:49:59,0
1744668011,2025-04-15 01:00:11,0
1744668665,2025-04-15 01:11:05,0
1744669264,2025-04-15 01:21:04,0
1744669870,2025-04-15 01:31:10,0
1744670470,2025-04-15 01:41:10,0
1744671092,2025-04-15 01:51:32,0
1744671722,2025-04-15 02:02:02,0
1744672421,2025-04-15 02:13:41,0
1744673162,2025-04-15 02:26:02,0
1744673768,2025-04-15 02:36:08,0
1744674367,2025-04-15 02:46:07,0
1744674967,2025-04-15 02:56:07,0
1744675588,2025-04-15 03:06:28,0
1744676187,2025-04-15 03:16:27,0
1744676797,2025-04-15 03:26:37,0
1744677517,2025-04-15 03:38:37,0
1744678276,2025-04-15 03:51:16,0
1744678876,2025-04-15 04:01:16,0
1744679558,2025-04-15 04:12:38,0
1744680212,2025-04-15 04:23:32,0
1744680880,2025-04-15 04:34:40,0
1744681507,2025-04-15 04:45:07,0
1744682245,2025-04-15 04:57:25,0
1744682945,2025-04-15 05:09:05,0
1744683879,2025-04-15 05:24:39,0
1744684566,2025-04-15 05:36:06,0
1744685201,2025-04-15 05:46:41,0
1744686075,2025-04-15 06:01:15,0
1744686732,2025-04-15 06:12:12,0
1744687377,2025-04-15 06:22:57,0
1744689348,2025-04-15 06:55:48,0
1744689993,2025-04-15 07:06:33,0
1744690611,2025-04-15 07:16:51,0
1744691274,2025-04-15 07:27:54,0
1744691906,2025-04-15 07:38:26,0
1744692507,2025-04-15 07:48:27,0
1744693105,2025-04-15 07:58:25,0
1744693709,2025-04-15 08:08:29,0
1744694396,2025-04-15 08:19:56,0
1744695003,2025-04-15 08:30:03,0
1744704678,2025-04-15 11:11:18,0
1744705278,2025-04-15 11:21:18,0
1744705877,2025-04-15 11:31:17,0
1744706546,2025-04-15 11:42:26,0
1744707152,2025-04-15 11:52:32,0
1744707779,2025-04-15 12:02:59,0
1744707780,2025-04-15 12:03:00,0
1744708375,2025-04-15 12:12:55,0
1744708377,2025-04-15 12:12:57,0
1744708978,2025-04-15 12:22:58,0
1744709583,2025-04-15 12:33:03,0
1744710783,2025-04-15 12:53:03,0
1744711381,2025-04-15 13:03:01,0
1744711986,2025-04-15 13:13:06,0
1744712585,2025-04-15 13:23:05,0
1744713194,2025-04-15 13:33:14,0
1744713805,2025-04-15 13:43:25,0
1744714403,2025-04-15 13:53:23,0
1744715006,2025-04-15 14:03:26,0
1744715603,2025-04-15 14:13:23,0
1744716207,2025-04-15 14:23:27,0
1744716806,2025-04-15 14:33:26,0
1744717408,2025-04-15 14:43:28,0
1744718005,2025-04-15 14:53:25,0
1744718608,2025-04-15 15:03:28,0
1744719206,2025-04-15 15:13:26,0
1744719808,2025-04-15 15:23:28,0
1744720406,2025-04-15 15:33:26,0
1744721008,2025-04-15 15:43:28,0
1744721617,2025-04-15 15:53:37,0
1744722879,2025-04-15 16:14:39,0
1744723481,2025-04-15 16:24:41,0
1744724079,2025-04-15 16:34:39,0
1744724680,2025-04-15 16:44:40,0
1744725282,2025-04-15 16:54:42,0
1744725556,2025-04-15 16:59:16,0
1744725896,2025-04-15 17:04:56,0
1744726493,2025-04-15 17:14:53,0
1744727095,2025-04-15 17:24:55,0
1744727729,2025-04-15 17:35:29,0
1744728331,2025-04-15 17:45:31,0
1744728929,2025-04-15 17:55:29,0
1744729534,2025-04-15 18:05:34,0
1744730734,2025-04-15 18:25:34,0
1744731333,2025-04-15 18:35:33,0
1744731934,2025-04-15 18:45:34,0
1744732532,2025-04-15 18:55:32,0
1744733177,2025-04-15 19:06:17,0
1744733775,2025-04-15 19:16:15,0
1744734379,2025-04-15 19:26:19,0
1744734996,2025-04-15 19:36:36,0
1744735594,2025-04-15 19:46:34,0
1744736195,2025-04-15 19:56:35,0
1744736824,2025-04-15 20:07:04,0
1744737424,2025-04-15 20:17:04,0
1744738031,2025-04-15 20:27:11,0
1744738629,2025-04-15 20:37:09,0
1744739231,2025-04-15 20:47:11,0
1744739834,2025-04-15 20:57:14,0
1744740434,2025-04-15 21:07:14,0
1744741038,2025-04-15 21:17:18,0
1744741637,2025-04-15 21:27:17,0
1744742241,2025-04-15 21:37:21,0
1744742840,2025-04-15 21:47:20,0
1744743460,2025-04-15 21:57:40,0
1744744058,2025-04-15 22:07:38,0
1744744659,2025-04-15 22:17:39,0
1744745278,2025-04-15 22:27:58,0
1744745882,2025-04-15 22:38:02,0
1744746480,2025-04-15 22:48:00,0
1744747091,2025-04-15 22:58:11,0
1744747722,2025-04-15 23:08:42,0
1744748319,2025-04-15 23:18:39,0
1744748923,2025-04-15 23:28:43,0
1744750128,2025-04-15 23:48:48,0
1744750751,2025-04-15 23:59:11,0
1744751352,2025-04-16 00:09:12,0
1744751993,2025-04-16 00:19:53,0
1744752606,2025-04-16 00:30:06,0
1744753205,2025-04-16 00:40:05,0
1744753811,2025-04-16 00:50:11,0
1744754410,2025-04-16 01:00:10,0
1744755017,2025-04-16 01:10:17,0
1744755619,2025-04-16 01:20:19,0
1744755620,2025-04-16 01:20:20,0
1744756242,2025-04-16 01:30:42,0
1744756844,2025-04-16 01:40:44,0
1744757443,2025-04-16 01:50:43,0
1744758053,2025-04-16 02:00:53,0
1744758652,2025-04-16 02:10:52,0
1744759255,2025-04-16 02:20:55,0
1744759996,2025-04-16 02:33:16,0
1744760620,2025-04-16 02:43:40,0
1744761237,2025-04-16 02:53:57,0
1744761600,2025-04-16 03:00:00,0
1744761877,2025-04-16 03:04:37,0
1744762484,2025-04-16 03:14:44,0
1744763099,2025-04-16 03:24:59,0
1744763732,2025-04-16 03:35:32,0
1744764335,2025-04-16 03:45:35,0
1744765018,2025-04-16 03:56:58,0
1744765676,2025-04-16 04:07:56,0
1744768050,2025-04-16 04:47:30,0
1744768906,2025-04-16 05:01:46,0
1744769505,2025-04-16 05:11:45,0
1744770139,2025-04-16 05:22:19,0
1744770738,2025-04-16 05:32:18,0
1744771347,2025-04-16 05:42:27,0
1744772239,2025-04-16 05:57:19,0
1744772839,2025-04-16 06:07:19,0
1744773547,2025-04-16 06:19:07,0
1744774240,2025-04-16 06:30:40,0
1744775858,2025-04-16 06:57:38,0
1744776473,2025-04-16 07:07:53,0
1744777088,2025-04-16 07:18:08,0
1744777847,2025-04-16 07:30:47,0
1744778460,2025-04-16 07:41:00,0
1744779114,2025-04-16 07:51:54,0
1744779716,2025-04-16 08:01:56,0
1744780351,2025-04-16 08:12:31,0
1744780411,2025-04-16 08:13:31,0
1744781674,2025-04-16 08:34:34,0
1744782907,2025-04-16 08:55:07,0
1744783578,2025-04-16 09:06:18,0
1744784183,2025-04-16 09:16:23,0
1744784805,2025-04-16 09:26:45,0
1744786011,2025-04-16 09:46:51,0
1744786639,2025-04-16 09:57:19,0
1744787238,2025-04-16 10:07:18,0
1744787840,2025-04-16 10:17:20,0
1744789039,2025-04-16 10:37:19,0
1744789656,2025-04-16 10:47:36,0
1744790257,2025-04-16 10:57:37,0
1744790874,2025-04-16 11:07:54,0
1744791474,2025-04-16 11:17:54,0
1744792073,2025-04-16 11:27:53,0
1744792674,2025-04-16 11:37:54,0
1744793298,2025-04-16 11:48:18,0
1744793905,2025-04-16 11:58:25,0
1744794559,2025-04-16 12:09:19,0
1744795161,2025-04-16 12:19:21,0
1744795760,2025-04-16 12:29:20,0
1744795762,2025-04-16 12:29:22,0
1744797003,2025-04-16 12:50:03,0
1744797603,2025-04-16 13:00:03,0
1744798203,2025-04-16 13:10:03,0
1744798818,2025-04-16 13:20:18,0
1744799419,2025-04-16 13:30:19,0
1744800021,2025-04-16 13:40:21,0
1744800619,2025-04-16 13:50:19,0
1744801223,2025-04-16 14:00:23,0
1744801852,2025-04-16 14:10:52,0
1744802451,2025-04-16 14:20:51,0
1744803051,2025-04-16 14:30:51,0
1744803651,2025-04-16 14:40:51,0
1744804251,2025-04-16 14:50:51,0
1744804850,2025-04-16 15:00:50,0
1744805450,2025-04-16 15:10:50,0
1744806053,2025-04-16 15:20:53,0
1744806694,2025-04-16 15:31:34,0
1744807290,2025-04-16 15:41:30,0
1744807897,2025-04-16 15:51:37,0
1744808495,2025-04-16 16:01:35,0
1744809103,2025-04-16 16:11:43,0
1744809701,2025-04-16 16:21:41,0
1744810302,2025-04-16 16:31:42,0
1744810905,2025-04-16 16:41:45,0
1744811503,2025-04-16 16:51:43,0
1744812104,2025-04-16 17:01:44,0
1744812705,2025-04-16 17:11:45,0
1744813306,2025-04-16 17:21:46,1
1744813905,2025-04-16 17:31:45,0
1744814516,2025-04-16 17:41:56,0
1744815115,2025-04-16 17:51:55,0
1744815717,2025-04-16 18:01:57,0
1744816315,2025-04-16 18:11:55,0
1744816922,2025-04-16 18:22:02,0
1744817541,2025-04-16 18:32:21,0
1744818741,2025-04-16 18:52:21,0
1744819378,2025-04-16 19:02:58,0
1744819976,2025-04-16 19:12:56,1
1744819977,2025-04-16 19:12:57,1
1744820597,2025-04-16 19:23:17,0
1744821196,2025-04-16 19:33:16,0
1744821797,2025-04-16 19:43:17,0
1744822401,2025-04-16 19:53:21,0
1744823001,2025-04-16 20:03:21,0
1744823599,2025-04-16 20:13:19,1
1744824199,2025-04-16 20:23:19,0
1744824799,2025-04-16 20:33:19,0
1744825400,2025-04-16 20:43:20,0
1744826600,2025-04-16 21:03:20,0
1744827201,2025-04-16 21:13:21,0
1744827819,2025-04-16 21:23:39,0
1744828420,2025-04-16 21:33:40,0
1744829021,2025-04-16 21:43:41,0
1744829623,2025-04-16 21:53:43,0
1744830224,2025-04-16 22:03:44,1
1744830825,2025-04-16 22:13:45,0
1744832024,2025-04-16 22:33:44,1
1744832662,2025-04-16 22:44:22,0
1744833276,2025-04-16 22:54:36,0
1744836949,2025-04-16 23:55:49,2
1744837582,2025-04-17 00:06:22,0
1744838263,2025-04-17 00:17:43,0
1744838886,2025-04-17 00:28:06,0
1744839493,2025-04-17 00:38:13,0
1744840092,2025-04-17 00:48:12,1
1744840709,2025-04-17 00:58:29,0
1744841940,2025-04-17 01:19:00,0
1744842548,2025-04-17 01:29:08,0
1744843157,2025-04-17 01:39:17,0
1744844416,2025-04-17 02:00:16,0
1744850061,2025-04-17 03:34:21,0
1744850709,2025-04-17 03:45:09,0
1744851312,2025-04-17 03:55:12,0
1744852053,2025-04-17 04:07:33,0
1744852685,2025-04-17 04:18:05,0
1744853345,2025-04-17 04:29:05,0
1744854044,2025-04-17 04:40:44,0
1744854780,2025-04-17 04:53:00,0
1744855380,2025-04-17 05:03:00,0
1744856025,2025-04-17 05:13:45,0
1744856676,2025-04-17 05:24:36,0
1744857276,2025-04-17 05:34:36,0
1744857881,2025-04-17 05:44:41,0
1744858481,2025-04-17 05:54:41,0
1744859119,2025-04-17 06:05:19,0
1744860427,2025-04-17 06:27:07,0
1744861091,2025-04-17 06:38:11,0
1744862133,2025-04-17 06:55:33,0
1744862757,2025-04-17 07:05:57,0
1744863676,2025-04-17 07:21:16,0
1744864498,2025-04-17 07:34:58,0
1744865105,2025-04-17 07:45:05,0
1744865703,2025-04-17 07:55:03,0
1744866305,2025-04-17 08:05:05,0
1744866907,2025-04-17 08:15:07,0
1744867532,2025-04-17 08:25:32,0
1744868756,2025-04-17 08:45:56,0
1744869968,2025-04-17 09:06:08,0
1744871174,2025-04-17 09:26:14,0
1744871778,2025-04-17 09:36:18,0
1744872376,2025-04-17 09:46:16,0
1744872977,2025-04-17 09:56:17,0
1744873578,2025-04-17 10:06:18,0
1744874177,2025-04-17 10:16:17,0
1744874779,2025-04-17 10:26:19,0
1744875377,2025-04-17 10:36:17,0
1744875979,2025-04-17 10:46:19,0
1744876587,2025-04-17 10:56:27,0
1744877200,2025-04-17 11:06:40,0
1744877801,2025-04-17 11:16:41,0
1744878400,2025-04-17 11:26:40,0
1744879001,2025-04-17 11:36:41,0
1744879604,2025-04-17 11:46:44,0
1744880203,2025-04-17 11:56:43,0
1744880804,2025-04-17 12:06:44,0
1744881403,2025-04-17 12:16:43,0
1744882004,2025-04-17 12:26:44,0
1744882603,2025-04-17 12:36:43,0
1744883204,2025-04-17 12:46:44,0
1744883803,2025-04-17 12:56:43,0
1744884405,2025-04-17 13:06:45,0
1744885016,2025-04-17 13:16:56,0
1744885017,2025-04-17 13:16:57,0
1744885614,2025-04-17 13:26:54,0
1744886846,2025-04-17 13:47:26,0
1744887475,2025-04-17 13:57:55,0
1744888073,2025-04-17 14:07:53,0
1744888672,2025-04-17 14:17:52,0
1744889273,2025-04-17 14:27:53,0
1744889871,2025-04-17 14:37:51,0
1744890471,2025-04-17 14:47:51,0
1744891073,2025-04-17 14:57:53,0
1744891677,2025-04-17 15:07:57,0
1744892276,2025-04-17 15:17:56,0
1744892878,2025-04-17 15:27:58,0
1744893478,2025-04-17 15:37:58,0
1744894076,2025-04-17 15:47:56,0
1744894678,2025-04-17 15:57:58,0
1744895279,2025-04-17 16:07:59,0
1744895882,2025-04-17 16:18:02,0
1744896485,2025-04-17 16:28:05,0
1744896486,2025-04-17 16:28:06,0
1744897082,2025-04-17 16:38:02,0
1744898281,2025-04-17 16:58:01,0
1744898883,2025-04-17 17:08:03,0
1744899490,2025-04-17 17:18:10,0
1744900126,2025-04-17 17:28:46,0
1744900727,2025-04-17 17:38:47,0
1744901328,2025-04-17 17:48:48,0
1744901962,2025-04-17 17:59:22,0
1744902569,2025-04-17 18:09:29,0
1744903167,2025-04-17 18:19:27,0
1744903769,2025-04-17 18:29:29,0
1744904367,2025-04-17 18:39:27,0
1744906184,2025-04-17 19:09:44,0
1744906785,2025-04-17 19:19:45,0
1744907384,2025-04-17 19:29:44,0
1744907985,2025-04-17 19:39:45,0
1744908584,2025-04-17 19:49:44,0
1744909185,2025-04-17 19:59:45,0
1744909784,2025-04-17 20:09:44,0
1744910385,2025-04-17 20:19:45,0
1744910984,2025-04-17 20:29:44,0
1744912184,2025-04-17 20:49:44,0
1744912786,2025-04-17 20:59:46,0
1744913985,2025-04-17 21:19:45,0
1744914587,2025-04-17 21:29:47,0
1744915219,2025-04-17 21:40:19,0
1744915819,2025-04-17 21:50:19,0
1744916418,2025-04-17 22:00:18,0
1744917035,2025-04-17 22:10:35,0
1744917642,2025-04-17 22:20:42,0
1744918240,2025-04-17 22:30:40,0
1744918868,2025-04-17 22:41:08,0
1744919478,2025-04-17 22:51:18,0
1744920093,2025-04-17 23:01:33,0
1744920692,2025-04-17 23:11:32,0
1744921293,2025-04-17 23:21:33,0
1744924926,2025-04-18 00:22:06,0
1744925526,2025-04-18 00:32:06,0
1744926126,2025-04-18 00:42:06,0
1744926726,2025-04-18 00:52:06,0
1744927325,2025-04-18 01:02:05,0
1744927929,2025-04-18 01:12:09,0
1744928528,2025-04-18 01:22:08,0
1744929128,2025-04-18 01:32:08,0
1744929727,2025-04-18 01:42:07,0
1744930328,2025-04-18 01:52:08,0
1744930930,2025-04-18 02:02:10,0
1744931530,2025-04-18 02:12:10,0
1744932129,2025-04-18 02:22:09,0
1744932729,2025-04-18 02:32:09,0
1744933332,2025-04-18 02:42:12,0
1744933932,2025-04-18 02:52:12,0
1744934535,2025-04-18 03:02:15,0
1744935134,2025-04-18 03:12:14,0
1744935733,2025-04-18 03:22:13,0
1744936333,2025-04-18 03:32:13,0
1744936934,2025-04-18 03:42:14,0
1744937533,2025-04-18 03:52:13,0
1744938133,2025-04-18 04:02:13,0
1744938732,2025-04-18 04:12:12,0
1744939335,2025-04-18 04:22:15,0
1744939934,2025-04-18 04:32:14,0
1744940535,2025-04-18 04:42:15,0
1744941134,2025-04-18 04:52:14,0
1744941737,2025-04-18 05:02:17,0
1744942336,2025-04-18 05:12:16,0
1744942936,2025-04-18 05:22:16,0
1744943539,2025-04-18 05:32:19,0
1744944139,2025-04-18 05:42:19,0
1744944738,2025-04-18 05:52:18,0
1744945342,2025-04-18 06:02:22,0
1744945941,2025-04-18 06:12:21,0
1744946540,2025-04-18 06:22:20,0
1744947140,2025-04-18 06:32:20,0
1744947739,2025-04-18 06:42:19,0
1744948469,2025-04-18 06:54:29,0
1744949659,2025-04-18 07:14:19,0
1744950310,2025-04-18 07:25:10,0
1744951001,2025-04-18 07:36:41,0
1744951609,2025-04-18 07:46:49,0
1744952213,2025-04-18 07:56:53,0
1744952815,2025-04-18 08:06:55,0
1744953422,2025-04-18 08:17:02,0
1744954030,2025-04-18 08:27:10,0
1744954634,2025-04-18 08:37:14,0
1744955240,2025-04-18 08:47:20,0
1744955841,2025-04-18 08:57:21,0
1744956444,2025-04-18 09:07:24,0
1744957051,2025-04-18 09:17:31,0
1744957667,2025-04-18 09:27:47,0
1744958285,2025-04-18 09:38:05,0
1744958884,2025-04-18 09:48:04,0
1744959510,2025-04-18 09:58:30,0
1744960108,2025-04-18 10:08:28,0
1744960710,2025-04-18 10:18:30,0
1744961308,2025-04-18 10:28:28,0
1744961309,2025-04-18 10:28:29,0
1744961909,2025-04-18 10:38:29,0
1744962511,2025-04-18 10:48:31,0
1744963109,2025-04-18 10:58:29,0
1744963711,2025-04-18 11:08:31,0
1744964341,2025-04-18 11:19:01,0
1744964938,2025-04-18 11:28:58,0
1744965540,2025-04-18 11:39:00,0
1744966759,2025-04-18 11:59:19,0
1744966761,2025-04-18 11:59:21,0
1744967974,2025-04-18 12:19:34,0
1744967975,2025-04-18 12:19:35,0
1744969173,2025-04-18 12:39:33,0
1744969772,2025-04-18 12:49:32,0
1744970373,2025-04-18 12:59:33,0
1744971574,2025-04-18 13:19:34,0
1744972773,2025-04-18 13:39:33,0
1744973378,2025-04-18 13:49:38,0
1744974578,2025-04-18 14:09:38,0
1744975781,2025-04-18 14:29:41,0
1744975790,2025-04-18 14:29:50,0
1744976382,2025-04-18 14:39:42,0
1744977582,2025-04-18 14:59:42,0
1744977584,2025-04-18 14:59:44,0
1744978185,2025-04-18 15:09:45,0
1744978786,2025-04-18 15:19:46,0
1744979387,2025-04-18 15:29:47,0
1744979989,2025-04-18 15:39:49,0
1744980587,2025-04-18 15:49:47,0
1744981189,2025-04-18 15:59:49,0
1744981799,2025-04-18 16:09:59,0
1744981828,2025-04-18 16:10:28,0
1744982400,2025-04-18 16:20:00,0
1744983000,2025-04-18 16:30:00,0
1744983603,2025-04-18 16:40:03,0
1744984205,2025-04-18 16:50:05,0
1744984231,2025-04-18 16:50:31,0
1744984803,2025-04-18 17:00:03,0
1744985404,2025-04-18 17:10:04,0
1744986604,2025-04-18 17:30:04,0
1744987203,2025-04-18 17:40:03,0
1744987813,2025-04-18 17:50:13,0
1744988412,2025-04-18 18:00:12,0
1744989010,2025-04-18 18:10:10,0
1744990210,2025-04-18 18:30:10,0
1744990811,2025-04-18 18:40:11,0
1744991411,2025-04-18 18:50:11,0
1744992010,2025-04-18 19:00:10,0
1744992613,2025-04-18 19:10:13,0
1744993210,2025-04-18 19:20:10,0
1744993811,2025-04-18 19:30:11,0
1744994410,2025-04-18 19:40:10,0
1744995011,2025-04-18 19:50:11,0
1744995628,2025-04-18 20:00:28,0
1744996226,2025-04-18 20:10:26,0
1744996828,2025-04-18 20:20:28,0
1744997427,2025-04-18 20:30:27,0
1744998026,2025-04-18 20:40:26,0
1744998627,2025-04-18 20:50:27,0
1744999226,2025-04-18 21:00:26,0
1744999828,2025-04-18 21:10:28,0
1745000426,2025-04-18 21:20:26,0
1745000429,2025-04-18 21:20:29,0
1745001629,2025-04-18 21:40:29,0
1745002229,2025-04-18 21:50:29,0
1745002829,2025-04-18 22:00:29,0
1745004029,2025-04-18 22:20:29,0
1745004631,2025-04-18 22:30:31,0
1745005230,2025-04-18 22:40:30,0
1745005831,2025-04-18 22:50:31,0
1745006445,2025-04-18 23:00:45,0
1745007045,2025-04-18 23:10:45,0
1745007644,2025-04-18 23:20:44,0
1745008244,2025-04-18 23:30:44,0
1745008843,2025-04-18 23:40:43,0
1745009447,2025-04-18 23:50:47,0
1745013704,2025-04-19 01:01:44,0
1745014307,2025-04-19 01:11:47,0
1745014906,2025-04-19 01:21:46,0
1745015506,2025-04-19 01:31:46,0
1745016105,2025-04-19 01:41:45,0
1745016705,2025-04-19 01:51:45,0
1745017308,2025-04-19 02:01:48,0
1745024110,2025-04-19 03:55:10,0
1745025309,2025-04-19 04:15:09,0
1745025908,2025-04-19 04:25:08,0
1745026509,2025-04-19 04:35:09,0
1745027111,2025-04-19 04:45:11,0
1745027711,2025-04-19 04:55:11,0
1745028310,2025-04-19 05:05:10,0
1745028910,2025-04-19 05:15:10,0
1745029512,2025-04-19 05:25:12,0
1745030112,2025-04-19 05:35:12,0
1745030712,2025-04-19 05:45:12,0
1745031315,2025-04-19 05:55:15,0
1745031914,2025-04-19 06:05:14,0
1745032514,2025-04-19 06:15:14,0
1745033117,2025-04-19 06:25:17,0
1745033716,2025-04-19 06:35:16,0
1745034319,2025-04-19 06:45:19,0
1745034925,2025-04-19 06:55:25,0
1745035753,2025-04-19 07:09:13,0
1745037065,2025-04-19 07:31:05,0
1745037712,2025-04-19 07:41:52,0
1745038464,2025-04-19 07:54:24,0
1745039072,2025-04-19 08:04:32,0
1745039670,2025-04-19 08:14:30,0
1745040272,2025-04-19 08:24:32,0
1745040886,2025-04-19 08:34:46,0
1745041547,2025-04-19 08:45:47,0
1745042145,2025-04-19 08:55:45,0
1745042744,2025-04-19 09:05:44,0
1745043345,2025-04-19 09:15:45,0
1745043954,2025-04-19 09:25:54,0
1745044560,2025-04-19 09:36:00,0
1745045165,2025-04-19 09:46:05,0
1745045769,2025-04-19 09:56:09,0
1745046368,2025-04-19 10:06:08,0
1745046969,2025-04-19 10:16:09,0
1745047593,2025-04-19 10:26:33,0
1745048220,2025-04-19 10:37:00,0
1745049435,2025-04-19 10:57:15,0
1745050031,2025-04-19 11:07:11,0
1745050632,2025-04-19 11:17:12,0
1745051231,2025-04-19 11:27:11,0
1745051832,2025-04-19 11:37:12,0
1745052431,2025-04-19 11:47:11,0
1745053054,2025-04-19 11:57:34,0
1745053676,2025-04-19 12:07:56,0
1745054274,2025-04-19 12:17:54,0
1745054875,2025-04-19 12:27:55,0
1745055475,2025-04-19 12:37:55,0
1745056076,2025-04-19 12:47:56,0
1745056674,2025-04-19 12:57:54,0
1745057276,2025-04-19 13:07:56,0
1745057880,2025-04-19 13:18:00,0
1745059089,2025-04-19 13:38:09,0
1745059716,2025-04-19 13:48:36,0
1745060323,2025-04-19 13:58:43,0
1745060924,2025-04-19 14:08:44,0
1745062123,2025-04-19 14:28:43,0
1745062727,2025-04-19 14:38:47,0
1745063330,2025-04-19 14:48:50,0
1745063929,2025-04-19 14:58:49,0
1745064529,2025-04-19 15:08:49,0
1745065130,2025-04-19 15:18:50,0
1745065729,2025-04-19 15:28:49,0
1745066330,2025-04-19 15:38:50,0
1745066928,2025-04-19 15:48:48,0
1745067530,2025-04-19 15:58:50,0
1745068129,2025-04-19 16:08:49,0
1745068730,2025-04-19 16:18:50,0
1745069330,2025-04-19 16:28:50,0
1745069954,2025-04-19 16:39:14,0
1745070552,2025-04-19 16:49:12,0
1745071752,2025-04-19 17:09:12,0
1745072952,2025-04-19 17:29:12,0
1745073554,2025-04-19 17:39:14,0
1745073555,2025-04-19 17:39:15,0
1745074753,2025-04-19 17:59:13,0
1745075974,2025-04-19 18:19:34,0
1745075979,2025-04-19 18:19:39,0
1745076572,2025-04-19 18:29:32,0
1745076573,2025-04-19 18:29:33,0
1745077173,2025-04-19 18:39:33,0
1745077778,2025-04-19 18:49:38,0
1745078379,2025-04-19 18:59:39,0
1745078985,2025-04-19 19:09:45,0
1745079585,2025-04-19 19:19:45,0
1745080187,2025-04-19 19:29:47,0
1745080785,2025-04-19 19:39:45,0
1745081385,2025-04-19 19:49:45,0
1745081986,2025-04-19 19:59:46,0
1745082587,2025-04-19 20:09:47,0
1745083186,2025-04-19 20:19:46,0
1745083796,2025-04-19 20:29:56,0
1745084395,2025-04-19 20:39:55,0
1745084994,2025-04-19 20:49:54,0
1745085593,2025-04-19 20:59:53,0
1745086195,2025-04-19 21:09:55,0
1745086812,2025-04-19 21:20:12,0
1745087415,2025-04-19 21:30:15,0
1745088014,2025-04-19 21:40:14,0
1745088613,2025-04-19 21:50:13,0
1745089215,2025-04-19 22:00:15,0
1745089819,2025-04-19 22:10:19,0
1745090415,2025-04-19 22:20:15,0
1745091013,2025-04-19 22:30:13,0
1745091615,2025-04-19 22:40:15,0
1745092217,2025-04-19 22:50:17,0
1745092815,2025-04-19 23:00:15,0
1745093415,2025-04-19 23:10:15,0
1745094015,2025-04-19 23:20:15,0
1745097022,2025-04-20 00:10:22,0
1745097619,2025-04-20 00:20:19,0
1745098218,2025-04-20 00:30:18,0
1745098822,2025-04-20 00:40:22,0
1745099419,2025-04-20 00:50:19,0
1745103032,2025-04-20 01:50:32,0
1745103634,2025-04-20 02:00:34,0
1745104839,2025-04-20 02:20:39,0
1745106040,2025-04-20 02:40:40,0
1745106648,2025-04-20 02:50:48,0
1745106654,2025-04-20 02:50:54,0
1745107253,2025-04-20 03:00:53,0
1745107851,2025-04-20 03:10:51,0
1745108453,2025-04-20 03:20:53,0
1745109064,2025-04-20 03:31:04,0
1745109707,2025-04-20 03:41:47,0
1745110309,2025-04-20 03:51:49,0
1745110313,2025-04-20 03:51:53,0
1745110930,2025-04-20 04:02:10,0
1745111530,2025-04-20 04:12:10,0
1745112154,2025-04-20 04:22:34,0
1745112865,2025-04-20 04:34:25,0
1745113465,2025-04-20 04:44:25,0
1745114067,2025-04-20 04:54:27,0
1745114701,2025-04-20 05:05:01,0
1745115604,2025-04-20 05:20:04,0
1745116270,2025-04-20 05:31:10,0
1745116870,2025-04-20 05:41:10,0
1745117469,2025-04-20 05:51:09,0
1745118069,2025-04-20 06:01:09,0
1745118672,2025-04-20 06:11:12,0
1745119272,2025-04-20 06:21:12,0
1745119872,2025-04-20 06:31:12,0
1745120471,2025-04-20 06:41:11,0
1745121071,2025-04-20 06:51:11,0
1745121968,2025-04-20 07:06:08,0
1745122602,2025-04-20 07:16:42,0
1745123255,2025-04-20 07:27:35,0
1745124042,2025-04-20 07:40:42,0
1745124664,2025-04-20 07:51:04,0
1745125296,2025-04-20 08:01:36,0
1745125906,2025-04-20 08:11:46,0
1745126508,2025-04-20 08:21:48,0
1745127112,2025-04-20 08:31:52,0
1745127765,2025-04-20 08:42:45,0
1745128366,2025-04-20 08:52:46,0
1745128965,2025-04-20 09:02:45,0
1745129585,2025-04-20 09:13:05,0
1745130186,2025-04-20 09:23:06,0
1745130784,2025-04-20 09:33:04,0
1745131387,2025-04-20 09:43:07,0
1745131988,2025-04-20 09:53:08,0
1745132586,2025-04-20 10:03:06,0
1745133190,2025-04-20 10:13:10,0
1745133789,2025-04-20 10:23:09,0
1745134390,2025-04-20 10:33:10,0
1745134992,2025-04-20 10:43:12,0
1745135599,2025-04-20 10:53:19,0
1745136200,2025-04-20 11:03:20,0
1745136815,2025-04-20 11:13:35,0
1745137425,2025-04-20 11:23:45,0
1745138029,2025-04-20 11:33:49,0
1745138636,2025-04-20 11:43:56,0
1745138643,2025-04-20 11:44:03,0
1745139234,2025-04-20 11:53:54,0
1745139833,2025-04-20 12:03:53,0
1745140436,2025-04-20 12:13:56,0
1745141044,2025-04-20 12:24:04,0
1745141654,2025-04-20 12:34:14,0
1745142253,2025-04-20 12:44:13,0
1745142908,2025-04-20 12:55:08,0
1745143512,2025-04-20 13:05:12,0
1745144150,2025-04-20 13:15:50,0
1745144749,2025-04-20 13:25:49,0
1745145354,2025-04-20 13:35:54,0
1745145953,2025-04-20 13:45:53,0
1745146554,2025-04-20 13:55:54,0
1745147153,2025-04-20 14:05:53,0
1745147787,2025-04-20 14:16:27,0
1745149024,2025-04-20 14:37:04,0
1745149634,2025-04-20 14:47:14,0
1745150238,2025-04-20 14:57:18,0
1745150836,2025-04-20 15:07:16,0
1745151437,2025-04-20 15:17:17,0
1745152039,2025-04-20 15:27:19,0
1745152637,2025-04-20 15:37:17,0
1745153242,2025-04-20 15:47:22,0
1745153866,2025-04-20 15:57:46,0
1745154465,2025-04-20 16:07:45,0
1745155063,2025-04-20 16:17:43,0
1745155668,2025-04-20 16:27:48,0
1745156266,2025-04-20 16:37:46,0
1745156874,2025-04-20 16:47:54,0
1745157475,2025-04-20 16:57:55,0
1745158075,2025-04-20 17:07:55,0
1745158676,2025-04-20 17:17:56,0
1745159275,2025-04-20 17:27:55,0
1745159876,2025-04-20 17:37:56,0
1745160475,2025-04-20 17:47:55,0
1745161079,2025-04-20 17:57:59,0
1745161699,2025-04-20 18:08:19,0
1745162309,2025-04-20 18:18:29,0
1745162911,2025-04-20 18:28:31,0
1745163512,2025-04-20 18:38:32,0
1745164113,2025-04-20 18:48:33,0
1745164711,2025-04-20 18:58:31,0
1745165313,2025-04-20 19:08:33,0
1745165920,2025-04-20 19:18:40,0
1745166519,2025-04-20 19:28:39,0
1745167120,2025-04-20 19:38:40,0
1745167722,2025-04-20 19:48:42,0
1745168320,2025-04-20 19:58:40,0
1745168922,2025-04-20 20:08:42,0
1745169521,2025-04-20 20:18:41,0
1745170120,2025-04-20 20:28:40,0
1745170736,2025-04-20 20:38:56,0
1745171347,2025-04-20 20:49:07,0
1745171946,2025-04-20 20:59:06,0
1745172544,2025-04-20 21:09:04,0
1745173145,2025-04-20 21:19:05,0
1745173744,2025-04-20 21:29:04,0
1745174346,2025-04-20 21:39:06,0
1745174945,2025-04-20 21:49:05,0
1745175545,2025-04-20 21:59:05,0
1745176148,2025-04-20 22:09:08,0
1745176746,2025-04-20 22:19:06,0
1745177411,2025-04-20 22:30:11,0
1745185314,2025-04-21 00:41:54,0
1745197145,2025-04-21 03:59:05,0
1745197745,2025-04-21 04:09:05,0
1745198492,2025-04-21 04:21:32,0
1745199104,2025-04-21 04:31:44,0
1745199704,2025-04-21 04:41:44,0
1745200306,2025-04-21 04:51:46,0
1745200915,2025-04-21 05:01:55,0
1745201526,2025-04-21 05:12:06,0
1745202934,2025-04-21 05:35:34,0
1745203534,2025-04-21 05:45:34,0
1745204133,2025-04-21 05:55:33,0
1745204135,2025-04-21 05:55:35,0
1745204733,2025-04-21 06:05:33,0
1745205336,2025-04-21 06:15:36,0
1745205936,2025-04-21 06:25:36,0
1745206535,2025-04-21 06:35:35,0
1745207138,2025-04-21 06:45:38,0
1745207762,2025-04-21 06:56:02,0
1745208377,2025-04-21 07:06:17,0
1745209000,2025-04-21 07:16:40,0
1745209638,2025-04-21 07:27:18,0
1745210258,2025-04-21 07:37:38,0
1745210859,2025-04-21 07:47:39,0
1745211474,2025-04-21 07:57:54,0
1745212062,2025-04-21 08:07:42,0
1745212671,2025-04-21 08:17:51,0
1745213284,2025-04-21 08:28:04,0
1745213894,2025-04-21 08:38:14,0
1745214495,2025-04-21 08:48:15,0
1745215094,2025-04-21 08:58:14,0
1745215695,2025-04-21 09:08:15,0
1745216297,2025-04-21 09:18:17,0
1745216898,2025-04-21 09:28:18,0
1745217497,2025-04-21 09:38:17,0
1745218098,2025-04-21 09:48:18,0
1745218697,2025-04-21 09:58:17,0
1745219320,2025-04-21 10:08:40,0
1745219918,2025-04-21 10:18:38,0
1745220519,2025-04-21 10:28:39,0
1745221118,2025-04-21 10:38:38,0
1745221718,2025-04-21 10:48:38,0
1745222317,2025-04-21 10:58:37,0
1745222918,2025-04-21 11:08:38,0
1745223525,2025-04-21 11:18:45,0
1745224124,2025-04-21 11:28:44,0
1745224726,2025-04-21 11:38:46,0
1745225326,2025-04-21 11:48:46,0
1745225925,2025-04-21 11:58:45,0
1745226541,2025-04-21 12:09:01,0
1745227169,2025-04-21 12:19:29,0
1745227760,2025-04-21 12:29:20,0
1745228969,2025-04-21 12:49:29,0
1745229570,2025-04-21 12:59:30,0
1745230167,2025-04-21 13:09:27,0
1745230781,2025-04-21 13:19:41,0
1745231382,2025-04-21 13:29:42,0
1745231985,2025-04-21 13:39:45,0
1745232588,2025-04-21 13:49:48,0
1745233211,2025-04-21 14:00:11,0
1745233809,2025-04-21 14:10:09,0
1745234438,2025-04-21 14:20:38,0
1745234440,2025-04-21 14:20:40,0
1745235695,2025-04-21 14:41:35,0
1745236294,2025-04-21 14:51:34,0
1745236920,2025-04-21 15:02:00,0
1745237513,2025-04-21 15:11:53,0
1745238713,2025-04-21 15:31:53,0
1745239318,2025-04-21 15:41:58,0
1745239922,2025-04-21 15:52:02,0
1745240524,2025-04-21 16:02:04,0
1745241122,2025-04-21 16:12:02,0
1745241787,2025-04-21 16:23:07,0
1745242386,2025-04-21 16:33:06,0
1745242986,2025-04-21 16:43:06,0
1745243588,2025-04-21 16:53:08,0
1745244187,2025-04-21 17:03:07,0
1745244791,2025-04-21 17:13:11,0
1745245154,2025-04-21 17:19:14,0
1745245392,2025-04-21 17:23:12,0
1745245991,2025-04-21 17:33:11,0
1745246589,2025-04-21 17:43:09,0
1745247192,2025-04-21 17:53:12,0
1745247793,2025-04-21 18:03:13,0
1745248393,2025-04-21 18:13:13,0
1745248996,2025-04-21 18:23:16,0
1745249596,2025-04-21 18:33:16,0
1745250194,2025-04-21 18:43:14,0
1745250795,2025-04-21 18:53:15,0
1745251396,2025-04-21 19:03:16,0
1745251995,2025-04-21 19:13:15,0
1745252596,2025-04-21 19:23:16,0
1745253195,2025-04-21 19:33:15,0
1745253806,2025-04-21 19:43:26,0
1745254419,2025-04-21 19:53:39,0
1745255020,2025-04-21 20:03:40,0
1745255620,2025-04-21 20:13:40,0
1745256229,2025-04-21 20:23:49,0
1745256287,2025-04-21 20:24:47,0
1745256828,2025-04-21 20:33:48,0
1745257426,2025-04-21 20:43:46,0
1745258049,2025-04-21 20:54:09,0
1745258650,2025-04-21 21:04:10,0
1745259249,2025-04-21 21:14:09,0
1745259850,2025-04-21 21:24:10,0
1745260449,2025-04-21 21:34:09,0
1745261049,2025-04-21 21:44:09,0
1745261648,2025-04-21 21:54:08,0
1745262259,2025-04-21 22:04:19,0
1745262858,2025-04-21 22:14:18,0
1745263460,2025-04-21 22:24:20,0
1745264100,2025-04-21 22:35:00,0
1745264697,2025-04-21 22:44:57,0
1745265299,2025-04-21 22:54:59,0
1745265901,2025-04-21 23:05:01,0
1745268300,2025-04-21 23:45:00,0
1745268899,2025-04-21 23:54:59,0
1745269502,2025-04-22 00:05:02,0
1745270101,2025-04-22 00:15:01,0
1745270702,2025-04-22 00:25:02,0
1745271301,2025-04-22 00:35:01,0
1745271903,2025-04-22 00:45:03,0
1745272504,2025-04-22 00:55:04,0
1745273103,2025-04-22 01:05:03,0
1745273702,2025-04-22 01:15:02,0
1745274305,2025-04-22 01:25:05,0
1745274906,2025-04-22 01:35:06,0
1745275504,2025-04-22 01:45:04,0
1745276104,2025-04-22 01:55:04,0
1745278528,2025-04-22 02:35:28,0
1745279127,2025-04-22 02:45:27,0
1745279730,2025-04-22 02:55:30,0
1745280330,2025-04-22 03:05:30,0
1745281531,2025-04-22 03:25:31,0
1745282132,2025-04-22 03:35:32,0
1745282731,2025-04-22 03:45:31,0
1745283334,2025-04-22 03:55:34,0
1745283933,2025-04-22 04:05:33,0
1745284533,2025-04-22 04:15:33,0
1745285136,2025-04-22 04:25:36,0
1745285735,2025-04-22 04:35:35,0
1745286336,2025-04-22 04:45:36,0
1745286938,2025-04-22 04:55:38,0
1745287537,2025-04-22 05:05:37,0
1745288137,2025-04-22 05:15:37,0
1745288740,2025-04-22 05:25:40,0
1745289339,2025-04-22 05:35:39,0
1745289940,2025-04-22 05:45:40,0
1745290542,2025-04-22 05:55:42,0
1745291142,2025-04-22 06:05:42,0
1745291742,2025-04-22 06:15:42,0
1745292341,2025-04-22 06:25:41,0
1745292941,2025-04-22 06:35:41,0
1745293541,2025-04-22 06:45:41,0
1745294140,2025-04-22 06:55:40,0
1745294761,2025-04-22 07:06:01,0
1745295436,2025-04-22 07:17:16,0
1745296055,2025-04-22 07:27:35,0
1745296693,2025-04-22 07:38:13,0
1745297351,2025-04-22 07:49:11,0
1745297984,2025-04-22 07:59:44,0
1745298582,2025-04-22 08:09:42,0
1745299180,2025-04-22 08:19:40,0
1745299787,2025-04-22 08:29:47,0
1745300440,2025-04-22 08:40:40,0
1745301047,2025-04-22 08:50:47,0
1745301643,2025-04-22 09:00:43,0
1745302249,2025-04-22 09:10:49,0
1745302864,2025-04-22 09:21:04,0
1745303463,2025-04-22 09:31:03,0
1745304077,2025-04-22 09:41:17,0
1745304718,2025-04-22 09:51:58,0
1745305315,2025-04-22 10:01:55,0
1745305917,2025-04-22 10:11:57,0
1745306517,2025-04-22 10:21:57,0
1745307119,2025-04-22 10:31:59,0
1745307718,2025-04-22 10:41:58,0
1745308319,2025-04-22 10:51:59,0
1745308917,2025-04-22 11:01:57,0
1745309522,2025-04-22 11:12:02,0
1745310129,2025-04-22 11:22:09,0
1745310728,2025-04-22 11:32:08,0
1745311328,2025-04-22 11:42:08,0
1745311936,2025-04-22 11:52:16,0
1745312534,2025-04-22 12:02:14,0
1745313133,2025-04-22 12:12:13,0
1745313734,2025-04-22 12:22:14,0
1745314345,2025-04-22 12:32:25,0
1745314945,2025-04-22 12:42:25,0
1745315551,2025-04-22 12:52:31,0
1745316150,2025-04-22 13:02:30,0
1745316152,2025-04-22 13:02:32,0
1745316758,2025-04-22 13:12:38,0
1745317358,2025-04-22 13:22:38,0
1745317976,2025-04-22 13:32:56,0
1745318592,2025-04-22 13:43:12,0
1745319191,2025-04-22 13:53:11,0
1745319793,2025-04-22 14:03:13,0
1745320409,2025-04-22 14:13:29,0
1745321017,2025-04-22 14:23:37,0
1745321621,2025-04-22 14:33:41,0
1745322253,2025-04-22 14:44:13,0
1745322853,2025-04-22 14:54:13,0
1745323452,2025-04-22 15:04:12,0
1745324053,2025-04-22 15:14:13,0
1745324652,2025-04-22 15:24:12,0
1745325253,2025-04-22 15:34:13,0
1745326454,2025-04-22 15:54:14,0
1745327051,2025-04-22 16:04:11,0
1745327660,2025-04-22 16:14:20,0
1745328258,2025-04-22 16:24:18,0
1745328862,2025-04-22 16:34:22,0
1745329467,2025-04-22 16:44:27,0
1745330071,2025-04-22 16:54:31,0
1745330668,2025-04-22 17:04:28,0
1745331275,2025-04-22 17:14:35,0
1745331874,2025-04-22 17:24:34,0
1745332473,2025-04-22 17:34:33,0
1745333073,2025-04-22 17:44:33,0
1745333675,2025-04-22 17:54:35,0
1745334297,2025-04-22 18:04:57,0
1745334926,2025-04-22 18:15:26,0
1745335542,2025-04-22 18:25:42,0
1745336144,2025-04-22 18:35:44,0
1745336745,2025-04-22 18:45:45,0
1745337347,2025-04-22 18:55:47,0
1745337945,2025-04-22 19:05:45,0
1745338547,2025-04-22 19:15:47,0
1745339145,2025-04-22 19:25:45,0
1745339748,2025-04-22 19:35:48,0
1745340367,2025-04-22 19:46:07,0
1745340965,2025-04-22 19:56:05,0
1745341569,2025-04-22 20:06:09,0
1745342192,2025-04-22 20:16:32,0
1745342793,2025-04-22 20:26:33,0
1745343393,2025-04-22 20:36:33,0
1745343997,2025-04-22 20:46:37,0
1745344596,2025-04-22 20:56:36,0
1745345196,2025-04-22 21:06:36,0
1745345795,2025-04-22 21:16:35,0
1745346396,2025-04-22 21:26:36,0
1745346995,2025-04-22 21:36:35,0
1745347596,2025-04-22 21:46:36,0
1745348195,2025-04-22 21:56:35,0
1745348797,2025-04-22 22:06:37,0
1745349396,2025-04-22 22:16:36,0
1745349995,2025-04-22 22:26:35,0
1745350596,2025-04-22 22:36:36,0
1745351202,2025-04-22 22:46:42,0
1745353012,2025-04-22 23:16:52,0
1745353621,2025-04-22 23:27:01,0
1745354274,2025-04-22 23:37:54,0
1745354275,2025-04-22 23:37:55,0
1745354878,2025-04-22 23:47:58,0
1745355486,2025-04-22 23:58:06,0
1745356119,2025-04-23 00:08:39,0
1745356760,2025-04-23 00:19:20,0
1745357357,2025-04-23 00:29:17,0
1745357960,2025-04-23 00:39:20,0
1745358559,2025-04-23 00:49:19,0
1745359159,2025-04-23 00:59:19,0
1745359834,2025-04-23 01:10:34,0
1745359835,2025-04-23 01:10:35,0
1745363608,2025-04-23 02:13:28,0
1745365521,2025-04-23 02:45:21,0
1745366121,2025-04-23 02:55:21,0
1745366736,2025-04-23 03:05:36,0
1745367485,2025-04-23 03:18:05,0
1745368128,2025-04-23 03:28:48,0
1745368749,2025-04-23 03:39:09,0
1745369972,2025-04-23 03:59:32,0
1745370879,2025-04-23 04:14:39,0
1745371659,2025-04-23 04:27:39,0
1745372271,2025-04-23 04:37:51,0
1745372944,2025-04-23 04:49:04,0
1745373579,2025-04-23 04:59:39,0
1745373581,2025-04-23 04:59:41,0
1745374193,2025-04-23 05:09:53,0
1745375155,2025-04-23 05:25:55,0
1745375797,2025-04-23 05:36:37,0
1745376409,2025-04-23 05:46:49,0
1745377111,2025-04-23 05:58:31,0
1745377738,2025-04-23 06:08:58,0
1745378398,2025-04-23 06:19:58,0
1745378998,2025-04-23 06:29:58,0
1745379651,2025-04-23 06:40:51,0
1745380323,2025-04-23 06:52:03,0
1745380923,2025-04-23 07:02:03,0
1745381555,2025-04-23 07:12:35,0
1745382256,2025-04-23 07:24:16,0
1745382900,2025-04-23 07:35:00,0
1745383497,2025-04-23 07:44:57,0
1745384103,2025-04-23 07:55:03,0
1745384753,2025-04-23 08:05:53,0
1745384760,2025-04-23 08:06:00,0
1745386063,2025-04-23 08:27:43,0
1745386662,2025-04-23 08:37:42,0
1745387300,2025-04-23 08:48:20,0
1745387897,2025-04-23 08:58:17,0
1745388508,2025-04-23 09:08:28,0
1745389114,2025-04-23 09:18:34,0
1745389730,2025-04-23 09:28:50,0
1745390330,2025-04-23 09:38:50,0
1745390930,2025-04-23 09:48:50,0
1745391577,2025-04-23 09:59:37,0
1745392195,2025-04-23 10:09:55,0
1745392792,2025-04-23 10:19:52,0
1745393395,2025-04-23 10:29:55,0
1745393993,2025-04-23 10:39:53,0
1745394594,2025-04-23 10:49:54,0
1745395194,2025-04-23 10:59:54,0
1745395790,2025-04-23 11:09:50,0
1745396397,2025-04-23 11:19:57,0
1745396870,2025-04-23 11:27:50,0
1745396990,2025-04-23 11:29:50,0
1745397595,2025-04-23 11:39:55,0
1745397603,2025-04-23 11:40:03,0
1745398190,2025-04-23 11:49:50,0
1745398795,2025-04-23 11:59:55,0
1745398803,2025-04-23 12:00:03,0
1745399390,2025-04-23 12:09:50,0
1745400392,2025-04-23 12:26:32,0
1745400601,2025-04-23 12:30:01,0
1745401831,2025-04-23 12:50:31,0
1745402446,2025-04-23 13:00:46,0
1745403046,2025-04-23 13:10:46,0
1745403660,2025-04-23 13:21:00,0
1745404253,2025-04-23 13:30:53,0
1745404860,2025-04-23 13:41:00,0
1745405461,2025-04-23 13:51:01,0
1745406060,2025-04-23 14:01:00,0
1745406664,2025-04-23 14:11:04,0
1745407272,2025-04-23 14:21:12,0
1745408475,2025-04-23 14:41:15,0
1745409073,2025-04-23 14:51:13,0
1745409672,2025-04-23 15:01:12,0
1745410306,2025-04-23 15:11:46,0
1745410905,2025-04-23 15:21:45,0
1745411506,2025-04-23 15:31:46,0
1745412105,2025-04-23 15:41:45,0
1745412706,2025-04-23 15:51:46,0
1745413305,2025-04-23 16:01:45,0
1745414505,2025-04-23 16:21:45,0
1745415106,2025-04-23 16:31:46,0
1745415705,2025-04-23 16:41:45,0
1745416306,2025-04-23 16:51:46,0
1745416909,2025-04-23 17:01:49,0
1745417507,2025-04-23 17:11:47,0
1745418108,2025-04-23 17:21:48,0
1745418721,2025-04-23 17:32:01,0
1745419323,2025-04-23 17:42:03,0
1745419921,2025-04-23 17:52:01,0
1745420523,2025-04-23 18:02:03,0
1745421157,2025-04-23 18:12:37,0
1745421756,2025-04-23 18:22:36,0
1745422372,2025-04-23 18:32:52,0
1745422983,2025-04-23 18:43:03,0
1745423600,2025-04-23 18:53:20,0
1745424240,2025-04-23 19:04:00,0
1745424847,2025-04-23 19:14:07,0
1745425455,2025-04-23 19:24:15,0
1745426054,2025-04-23 19:34:14,0
1745426671,2025-04-23 19:44:31,0
1745427263,2025-04-23 19:54:23,0
1745427870,2025-04-23 20:04:30,0
1745428470,2025-04-23 20:14:30,0
1745429069,2025-04-23 20:24:29,0
1745429670,2025-04-23 20:34:30,0
1745430270,2025-04-23 20:44:30,0
1745430869,2025-04-23 20:54:29,0
1745431471,2025-04-23 21:04:31,0
1745432069,2025-04-23 21:14:29,0
1745432673,2025-04-23 21:24:33,0
1745433273,2025-04-23 21:34:33,0
1745433872,2025-04-23 21:44:32,0
1745434474,2025-04-23 21:54:34,0
1745435071,2025-04-23 22:04:31,0
1745435673,2025-04-23 22:14:33,0
1745436271,2025-04-23 22:24:31,0
1745436877,2025-04-23 22:34:37,0
1745437479,2025-04-23 22:44:39,0
1745438077,2025-04-23 22:54:37,0
1745438688,2025-04-23 23:04:48,0
1745439286,2025-04-23 23:14:46,0
1745446734,2025-04-24 01:18:54,0
1745447333,2025-04-24 01:28:53,0
1745447932,2025-04-24 01:38:52,0
1745448532,2025-04-24 01:48:52,0
1745449734,2025-04-24 02:08:54,0
1745450334,2025-04-24 02:18:54,0
1745450947,2025-04-24 02:29:07,0
1745451546,2025-04-24 02:39:06,0
1745452182,2025-04-24 02:49:42,0
1745452782,2025-04-24 02:59:42,0
1745453382,2025-04-24 03:09:42,0
1745454011,2025-04-24 03:20:11,0
1745454647,2025-04-24 03:30:47,0
1745455277,2025-04-24 03:41:17,0
1745455997,2025-04-24 03:53:17,0
1745456603,2025-04-24 04:03:23,0
1745457314,2025-04-24 04:15:14,0
1745458134,2025-04-24 04:28:54,0
1745458891,2025-04-24 04:41:31,0
1745459523,2025-04-24 04:52:03,0
1745460755,2025-04-24 05:12:35,0
1745461358,2025-04-24 05:22:38,0
1745461979,2025-04-24 05:32:59,0
1745462639,2025-04-24 05:43:59,0
1745463263,2025-04-24 05:54:23,0
1745463950,2025-04-24 06:05:50,0
1745464655,2025-04-24 06:17:35,0
1745465342,2025-04-24 06:29:02,0
1745466335,2025-04-24 06:45:35,0
1745467126,2025-04-24 06:58:46,0
1745467726,2025-04-24 07:08:46,0
1745468330,2025-04-24 07:18:50,0
1745468953,2025-04-24 07:29:13,0
1745469551,2025-04-24 07:39:11,0
1745470153,2025-04-24 07:49:13,0
1745470799,2025-04-24 07:59:59,0
1745471345,2025-04-24 08:09:05,0
1745471996,2025-04-24 08:19:56,0
1745472598,2025-04-24 08:29:58,0
1745473217,2025-04-24 08:40:17,0
1745473840,2025-04-24 08:50:40,0
1745473841,2025-04-24 08:50:41,0
1745474478,2025-04-24 09:01:18,0
1745475119,2025-04-24 09:11:59,0
1745475723,2025-04-24 09:22:03,0
1745476361,2025-04-24 09:32:41,0
1745476969,2025-04-24 09:42:49,0
1745477570,2025-04-24 09:52:50,0
1745478168,2025-04-24 10:02:48,0
1745478789,2025-04-24 10:13:09,0
1745479387,2025-04-24 10:23:07,0
1745479986,2025-04-24 10:33:06,0
1745480587,2025-04-24 10:43:07,0
1745481186,2025-04-24 10:53:06,0
1745481787,2025-04-24 11:03:07,0
1745482403,2025-04-24 11:13:23,0
1745483002,2025-04-24 11:23:22,0
1745483600,2025-04-24 11:33:20,0
1745484201,2025-04-24 11:43:21,0
1745484823,2025-04-24 11:53:43,0
1745485425,2025-04-24 12:03:45,0
1745486023,2025-04-24 12:13:43,0
1745486630,2025-04-24 12:23:50,0
1745487240,2025-04-24 12:34:00,0
1745487839,2025-04-24 12:43:59,0
1745488430,2025-04-24 12:53:50,0
1745489052,2025-04-24 13:04:12,0
1745489656,2025-04-24 13:14:16,0
1745490256,2025-04-24 13:24:16,0
1745490858,2025-04-24 13:34:18,0
1745491492,2025-04-24 13:44:52,0
1745492124,2025-04-24 13:55:24,0
1745492728,2025-04-24 14:05:28,0
1745493333,2025-04-24 14:15:33,0
1745493931,2025-04-24 14:25:31,0
1745494273,2025-04-24 14:31:13,0
1745494533,2025-04-24 14:35:33,0
1745495131,2025-04-24 14:45:31,0
1745495733,2025-04-24 14:55:33,0
1745496331,2025-04-24 15:05:31,0
1745496933,2025-04-24 15:15:33,0
1745497531,2025-04-24 15:25:31,0
1745498133,2025-04-24 15:35:33,0
1745498731,2025-04-24 15:45:31,0
1745499333,2025-04-24 15:55:33,0
1745499931,2025-04-24 16:05:31,0
1745500531,2025-04-24 16:15:31,0
1745501153,2025-04-24 16:25:53,0
1745501752,2025-04-24 16:35:52,0
1745502351,2025-04-24 16:45:51,0
1745502951,2025-04-24 16:55:51,0
1745503552,2025-04-24 17:05:52,0
1745504154,2025-04-24 17:15:54,0
1745505354,2025-04-24 17:35:54,0
1745505958,2025-04-24 17:45:58,0
1745506552,2025-04-24 17:55:52,0
1745507159,2025-04-24 18:05:59,0
1745507760,2025-04-24 18:16:00,0
1745508363,2025-04-24 18:26:03,0
1745508963,2025-04-24 18:36:03,0
1745509562,2025-04-24 18:46:02,0
1745510163,2025-04-24 18:56:03,0
1745510762,2025-04-24 19:06:02,0
1745511371,2025-04-24 19:16:11,0
1745511972,2025-04-24 19:26:12,0
1745512591,2025-04-24 19:36:31,0
1745513223,2025-04-24 19:47:03,0
1745513823,2025-04-24 19:57:03,0
1745514422,2025-04-24 20:07:02,0
1745515023,2025-04-24 20:17:03,0
1745515622,2025-04-24 20:27:02,0
1745516223,2025-04-24 20:37:03,0
1745516821,2025-04-24 20:47:01,0
1745516823,2025-04-24 20:47:03,0
1745518024,2025-04-24 21:07:04,0
1745519224,2025-04-24 21:27:04,0
1745519822,2025-04-24 21:37:02,0
1745520425,2025-04-24 21:47:05,0
1745521022,2025-04-24 21:57:02,0
1745521624,2025-04-24 22:07:04,0
1745522222,2025-04-24 22:17:02,0
1745522824,2025-04-24 22:27:04,0
1745523422,2025-04-24 22:37:02,0
1745524060,2025-04-24 22:47:40,0
1745524659,2025-04-24 22:57:39,0
1745525271,2025-04-24 23:07:51,0
1745525871,2025-04-24 23:17:51,0
1745525872,2025-04-24 23:17:52,0
1745526470,2025-04-24 23:27:50,0
1745533085,2025-04-25 01:18:05,0
1745533685,2025-04-25 01:28:05,0
1745534884,2025-04-25 01:48:04,0
1745535486,2025-04-25 01:58:06,0
1745536086,2025-04-25 02:08:06,0
1745536686,2025-04-25 02:18:06,0
1745537289,2025-04-25 02:28:09,0
1745537888,2025-04-25 02:38:08,0
1745538488,2025-04-25 02:48:08,0
1745539691,2025-04-25 03:08:11,0
1745540290,2025-04-25 03:18:10,0
1745540890,2025-04-25 03:28:10,0
1745541489,2025-04-25 03:38:09,0
1745542092,2025-04-25 03:48:12,0
1745542691,2025-04-25 03:58:11,0
1745543292,2025-04-25 04:08:12,0
1745543891,2025-04-25 04:18:11,0
1745544494,2025-04-25 04:28:14,0
1745545094,2025-04-25 04:38:14,0
1745545693,2025-04-25 04:48:13,0
1745546896,2025-04-25 05:08:16,0
1745547495,2025-04-25 05:18:15,0
1745548095,2025-04-25 05:28:15,0
1745548694,2025-04-25 05:38:14,0
1745549294,2025-04-25 05:48:14,0
1745549894,2025-04-25 05:58:14,0
1745550497,2025-04-25 06:08:17,0
1745551096,2025-04-25 06:18:16,0
1745551696,2025-04-25 06:28:16,0
1745552296,2025-04-25 06:38:16,0
1745552898,2025-04-25 06:48:18,0
1745553480,2025-04-25 06:58:00,0
1745554192,2025-04-25 07:09:52,0
1745554896,2025-04-25 07:21:36,0
1745555495,2025-04-25 07:31:35,0
1745556129,2025-04-25 07:42:09,0
1745556725,2025-04-25 07:52:05,0
1745556776,2025-04-25 07:52:56,0
1745557374,2025-04-25 08:02:54,0
1745558211,2025-04-25 08:16:51,0
1745558809,2025-04-25 08:26:49,0
1745558810,2025-04-25 08:26:50,0
1745559965,2025-04-25 08:46:05,0
1745560632,2025-04-25 08:57:12,0
1745561243,2025-04-25 09:07:23,0
1745561847,2025-04-25 09:17:27,0
1745562449,2025-04-25 09:27:29,0
1745563056,2025-04-25 09:37:36,0
1745563057,2025-04-25 09:37:37,0
1745564256,2025-04-25 09:57:36,0
1745564856,2025-04-25 10:07:36,0
1745565458,2025-04-25 10:17:38,0
1745566056,2025-04-25 10:27:36,0
1745566650,2025-04-25 10:37:30,0
1745566658,2025-04-25 10:37:38,0
1745567256,2025-04-25 10:47:36,0
1745567861,2025-04-25 10:57:41,0
1745568461,2025-04-25 11:07:41,0
1745569066,2025-04-25 11:17:46,0
1745570272,2025-04-25 11:37:52,0
1745570893,2025-04-25 11:48:13,0
1745571516,2025-04-25 11:58:36,0
1745572117,2025-04-25 12:08:37,0
1745572722,2025-04-25 12:18:42,0
1745573326,2025-04-25 12:28:46,0
1745573925,2025-04-25 12:38:45,0
1745574526,2025-04-25 12:48:46,0
1745575125,2025-04-25 12:58:45,0
1745575759,2025-04-25 13:09:19,0
1745576359,2025-04-25 13:19:19,0
1745576971,2025-04-25 13:29:31,0
1745577575,2025-04-25 13:39:35,0
1745577578,2025-04-25 13:39:38,0
1745578188,2025-04-25 13:49:48,0
1745578787,2025-04-25 13:59:47,0
1745579388,2025-04-25 14:09:48,0
1745580013,2025-04-25 14:20:13,0
1745580641,2025-04-25 14:30:41,0
1745581239,2025-04-25 14:40:39,0
1745581839,2025-04-25 14:50:39,0
1745582439,2025-04-25 15:00:39,0
1745583037,2025-04-25 15:10:37,0
1745583651,2025-04-25 15:20:51,0
1745584249,2025-04-25 15:30:49,0
1745585468,2025-04-25 15:51:08,0
1745586071,2025-04-25 16:01:11,0
1745586669,2025-04-25 16:11:09,0
1745587271,2025-04-25 16:21:11,0
1745587874,2025-04-25 16:31:14,0
1745588475,2025-04-25 16:41:15,0
1745589073,2025-04-25 16:51:13,0
1745589672,2025-04-25 17:01:12,0
1745590276,2025-04-25 17:11:16,0
1745590877,2025-04-25 17:21:17,0
1745591475,2025-04-25 17:31:15,0
1745592118,2025-04-25 17:41:58,0
1745593328,2025-04-25 18:02:08,0
1745593928,2025-04-25 18:12:08,0
1745594526,2025-04-25 18:22:06,0
1745595127,2025-04-25 18:32:07,0
1745595129,2025-04-25 18:32:09,0
1745596339,2025-04-25 18:52:19,0
1745596985,2025-04-25 19:03:05,0
1745597595,2025-04-25 19:13:15,0
1745598195,2025-04-25 19:23:15,0
1745598794,2025-04-25 19:33:14,0
1745599394,2025-04-25 19:43:14,0
1745599996,2025-04-25 19:53:16,0
1745600600,2025-04-25 20:03:20,0
1745601202,2025-04-25 20:13:22,0
1745601800,2025-04-25 20:23:20,0
1745602399,2025-04-25 20:33:19,0
1745603000,2025-04-25 20:43:20,0
1745603599,2025-04-25 20:53:19,0
1745604200,2025-04-25 21:03:20,0
1745604801,2025-04-25 21:13:21,0
1745605022,2025-04-25 21:17:02,0
1745605401,2025-04-25 21:23:21,0
1745606001,2025-04-25 21:33:21,0
1745606599,2025-04-25 21:43:19,0
1745607201,2025-04-25 21:53:21,0
1745607803,2025-04-25 22:03:23,0
1745608407,2025-04-25 22:13:27,0
1745609009,2025-04-25 22:23:29,0
1745609607,2025-04-25 22:33:27,0
1745610207,2025-04-25 22:43:27,0
1745610810,2025-04-25 22:53:30,0
1745611382,2025-04-25 23:03:02,0
1745612010,2025-04-25 23:13:30,0
1745612609,2025-04-25 23:23:29,0
1745613209,2025-04-25 23:33:29,0
1745613808,2025-04-25 23:43:28,0
1745614407,2025-04-25 23:53:27,0
1745620570,2025-04-26 01:36:10,0
1745621208,2025-04-26 01:46:48,0
1745621808,2025-04-26 01:56:48,0
1745622411,2025-04-26 02:06:51,0
1745623011,2025-04-26 02:16:51,0
1745623610,2025-04-26 02:26:50,0
1745624328,2025-04-26 02:38:48,0
1745624942,2025-04-26 02:49:02,0
1745625593,2025-04-26 02:59:53,0
1745626209,2025-04-26 03:10:09,0
1745626814,2025-04-26 03:20:14,0
1745627429,2025-04-26 03:30:29,0
1745628154,2025-04-26 03:42:34,0
1745628751,2025-04-26 03:52:31,0
1745629390,2025-04-26 04:03:10,0
1745630017,2025-04-26 04:13:37,0
1745630647,2025-04-26 04:24:07,0
1745631271,2025-04-26 04:34:31,0
1745632151,2025-04-26 04:49:11,0
1745632795,2025-04-26 04:59:55,0
1745633435,2025-04-26 05:10:35,0
1745634055,2025-04-26 05:20:55,0
1745634776,2025-04-26 05:32:56,0
1745635387,2025-04-26 05:43:07,0
1745636119,2025-04-26 05:55:19,0
1745637051,2025-04-26 06:10:51,0
1745637669,2025-04-26 06:21:09,0
1745638385,2025-04-26 06:33:05,0
1745638386,2025-04-26 06:33:06,0
1745639175,2025-04-26 06:46:15,0
1745640206,2025-04-26 07:03:26,0
1745641167,2025-04-26 07:19:27,0
1745641908,2025-04-26 07:31:48,0
1745642512,2025-04-26 07:41:52,0
1745643138,2025-04-26 07:52:18,0
1745643745,2025-04-26 08:02:25,0
1745644353,2025-04-26 08:12:33,0
1745645020,2025-04-26 08:23:40,0
1745645625,2025-04-26 08:33:45,0
1745646244,2025-04-26 08:44:04,0
1745646840,2025-04-26 08:54:00,0
1745647443,2025-04-26 09:04:03,0
1745648073,2025-04-26 09:14:33,0
1745648713,2025-04-26 09:25:13,0
1745649336,2025-04-26 09:35:36,0
1745649939,2025-04-26 09:45:39,0
1745650560,2025-04-26 09:56:00,0
1745651165,2025-04-26 10:06:05,0
1745651769,2025-04-26 10:16:09,0
1745652395,2025-04-26 10:26:35,0
1745653009,2025-04-26 10:36:49,0
1745653649,2025-04-26 10:47:29,0
1745654247,2025-04-26 10:57:27,0
1745654850,2025-04-26 11:07:30,0
1745655553,2025-04-26 11:19:13,0
1745656170,2025-04-26 11:29:30,0
1745656805,2025-04-26 11:40:05,0
1745657411,2025-04-26 11:50:11,0
1745658013,2025-04-26 12:00:13,0
1745658615,2025-04-26 12:10:15,0
1745659219,2025-04-26 12:20:19,0
1745660437,2025-04-26 12:40:37,0
1745661030,2025-04-26 12:50:30,0
1745661637,2025-04-26 13:00:37,0
1745662245,2025-04-26 13:10:45,0
1745662872,2025-04-26 13:21:12,0
1745663472,2025-04-26 13:31:12,0
1745663473,2025-04-26 13:31:13,0
1745663478,2025-04-26 13:31:18,0
1745664073,2025-04-26 13:41:13,0
1745664676,2025-04-26 13:51:16,0
1745665288,2025-04-26 14:01:28,0
1745665888,2025-04-26 14:11:28,0
1745666488,2025-04-26 14:21:28,0
1745667087,2025-04-26 14:31:27,0
1745667698,2025-04-26 14:41:38,0
1745668299,2025-04-26 14:51:39,0
1745668901,2025-04-26 15:01:41,0
1745669501,2025-04-26 15:11:41,0
1745670101,2025-04-26 15:21:41,0
1745670707,2025-04-26 15:31:47,0
1745671318,2025-04-26 15:41:58,0
1745671916,2025-04-26 15:51:56,0
1745672516,2025-04-26 16:01:56,0
1745673116,2025-04-26 16:11:56,0
1745673717,2025-04-26 16:21:57,0
1745674323,2025-04-26 16:32:03,0
1745674923,2025-04-26 16:42:03,0
1745675521,2025-04-26 16:52:01,0
1745676174,2025-04-26 17:02:54,0
1745676773,2025-04-26 17:12:53,0
1745677374,2025-04-26 17:22:54,0
1745677973,2025-04-26 17:32:53,0
1745678575,2025-04-26 17:42:55,0
1745679173,2025-04-26 17:52:53,0
1745679773,2025-04-26 18:02:53,0
1745680376,2025-04-26 18:12:56,0
1745680976,2025-04-26 18:22:56,0
1745681577,2025-04-26 18:32:57,0
1745682175,2025-04-26 18:42:55,0
1745682780,2025-04-26 18:53:00,0
1745683378,2025-04-26 19:02:58,0
1745683979,2025-04-26 19:12:59,0
1745684578,2025-04-26 19:22:58,0
1745685179,2025-04-26 19:32:59,0
1745685779,2025-04-26 19:42:59,0
1745686378,2025-04-26 19:52:58,0
1745686980,2025-04-26 20:03:00,0
1745687585,2025-04-26 20:13:05,0
1745688186,2025-04-26 20:23:06,0
1745688799,2025-04-26 20:33:19,0
1745689420,2025-04-26 20:43:40,0
1745689980,2025-04-26 20:53:00,0
1745690024,2025-04-26 20:53:44,0
1745690618,2025-04-26 21:03:38,0
1745691220,2025-04-26 21:13:40,0
1745691813,2025-04-26 21:23:33,0
1745693068,2025-04-26 21:44:28,0
1745693666,2025-04-26 21:54:26,0
1745694269,2025-04-26 22:04:29,0
1745694875,2025-04-26 22:14:35,0
1745695498,2025-04-26 22:24:58,0
1745696096,2025-04-26 22:34:56,0
1745696695,2025-04-26 22:44:55,0
1745705799,2025-04-27 01:16:39,0
1745706437,2025-04-27 01:27:17,0
1745709574,2025-04-27 02:19:34,0
1745710173,2025-04-27 02:29:33,0
1745710772,2025-04-27 02:39:32,0
1745711421,2025-04-27 02:50:21,0
1745712045,2025-04-27 03:00:45,0
1745712662,2025-04-27 03:11:02,0
1745713266,2025-04-27 03:21:06,0
1745713867,2025-04-27 03:31:07,0
1745714482,2025-04-27 03:41:22,0
1745715111,2025-04-27 03:51:51,0
1745715113,2025-04-27 03:51:53,0
1745715714,2025-04-27 04:01:54,0
1745716332,2025-04-27 04:12:12,0
1745716935,2025-04-27 04:22:15,0
1745717559,2025-04-27 04:32:39,0
1745718158,2025-04-27 04:42:38,0
1745718830,2025-04-27 04:53:50,0
1745719427,2025-04-27 05:03:47,0
1745720031,2025-04-27 05:13:51,0
1745720665,2025-04-27 05:24:25,0
1745721266,2025-04-27 05:34:26,0
1745721895,2025-04-27 05:44:55,0
1745722546,2025-04-27 05:55:46,0
1745723152,2025-04-27 06:05:52,0
1745723874,2025-04-27 06:17:54,0
1745724475,2025-04-27 06:27:55,0
1745725144,2025-04-27 06:39:04,0
1745725840,2025-04-27 06:50:40,0
1745726866,2025-04-27 07:07:46,0
1745727515,2025-04-27 07:18:35,0
1745728113,2025-04-27 07:28:33,0
1745728712,2025-04-27 07:38:32,0
1745729344,2025-04-27 07:49:04,0
1745729941,2025-04-27 07:59:01,0
1745730553,2025-04-27 08:09:13,0
1745731157,2025-04-27 08:19:17,0
1745731745,2025-04-27 08:29:05,0
1745732396,2025-04-27 08:39:56,0
1745733001,2025-04-27 08:50:01,0
1745733602,2025-04-27 09:00:02,0
1745734252,2025-04-27 09:10:52,0
1745734901,2025-04-27 09:21:41,0
1745735503,2025-04-27 09:31:43,0
1745736107,2025-04-27 09:41:47,0
1745736784,2025-04-27 09:53:04,0
1745737431,2025-04-27 10:03:51,0
1745738043,2025-04-27 10:14:03,0
1745738751,2025-04-27 10:25:51,0
1745739349,2025-04-27 10:35:49,0
1745739959,2025-04-27 10:45:59,0
1745740561,2025-04-27 10:56:01,0
1745740569,2025-04-27 10:56:09,0
1745741188,2025-04-27 11:06:28,0
1745741810,2025-04-27 11:16:50,0
1745742433,2025-04-27 11:27:13,0
1745743055,2025-04-27 11:37:35,0
1745743654,2025-04-27 11:47:34,0
1745744275,2025-04-27 11:57:55,0
1745744921,2025-04-27 12:08:41,0
1745745521,2025-04-27 12:18:41,0
1745746122,2025-04-27 12:28:42,0
1745747327,2025-04-27 12:48:47,0
1745747990,2025-04-27 12:59:50,0
1745748582,2025-04-27 13:09:42,0
1745749187,2025-04-27 13:19:47,0
1745749789,2025-04-27 13:29:49,0
1745750406,2025-04-27 13:40:06,0
1745751006,2025-04-27 13:50:06,0
1745751604,2025-04-27 14:00:04,0
1745752207,2025-04-27 14:10:07,0
1745752866,2025-04-27 14:21:06,0
1745754073,2025-04-27 14:41:13,0
1745754672,2025-04-27 14:51:12,0
1745755275,2025-04-27 15:01:15,0
1745755872,2025-04-27 15:11:12,0
1745756480,2025-04-27 15:21:20,0
1745757072,2025-04-27 15:31:12,0
1745757673,2025-04-27 15:41:13,0
1745758272,2025-04-27 15:51:12,0
1745758874,2025-04-27 16:01:14,0
1745759471,2025-04-27 16:11:11,0
1745760074,2025-04-27 16:21:14,0
1745760698,2025-04-27 16:31:38,0
1745761297,2025-04-27 16:41:37,0
1745761916,2025-04-27 16:51:56,0
1745762517,2025-04-27 17:01:57,0
1745763115,2025-04-27 17:11:55,0
1745763717,2025-04-27 17:21:57,0
1745764317,2025-04-27 17:31:57,0
1745764919,2025-04-27 17:41:59,0
1745765524,2025-04-27 17:52:04,0
1745766123,2025-04-27 18:02:03,0
1745766724,2025-04-27 18:12:04,0
1745772801,2025-04-27 19:53:21,0
1745773399,2025-04-27 20:03:19,0
1745774000,2025-04-27 20:13:20,0
1745774617,2025-04-27 20:23:37,0
1745775224,2025-04-27 20:33:44,0
1745775827,2025-04-27 20:43:47,0
1745776442,2025-04-27 20:54:02,0
1745777042,2025-04-27 21:04:02,0
1745777643,2025-04-27 21:14:03,0
1745778242,2025-04-27 21:24:02,0
1745778843,2025-04-27 21:34:03,0
1745779441,2025-04-27 21:44:01,0
1745780043,2025-04-27 21:54:03,0
1745780657,2025-04-27 22:04:17,0
1745781255,2025-04-27 22:14:15,0
1745781857,2025-04-27 22:24:17,0
1745782457,2025-04-27 22:34:17,0
1745783057,2025-04-27 22:44:17,0
1745783656,2025-04-27 22:54:16,0
1745784256,2025-04-27 23:04:16,0
1745784856,2025-04-27 23:14:16,0
1745785457,2025-04-27 23:24:17,0
1745786059,2025-04-27 23:34:19,0
1745792072,2025-04-28 01:14:32,0
1745795763,2025-04-28 02:16:03,0
1745796407,2025-04-28 02:26:47,0
1745796411,2025-04-28 02:26:51,0
1745797008,2025-04-28 02:36:48,0
1745797622,2025-04-28 02:47:02,0
1745798297,2025-04-28 02:58:17,0
1745798932,2025-04-28 03:08:52,0
1745799572,2025-04-28 03:19:32,0
1745800274,2025-04-28 03:31:14,0
1745800874,2025-04-28 03:41:14,0
1745801494,2025-04-28 03:51:34,0
1745802097,2025-04-28 04:01:37,0
1745803022,2025-04-28 04:17:02,0
1745803761,2025-04-28 04:29:21,0
1745804378,2025-04-28 04:39:38,0
1745805009,2025-04-28 04:50:09,0
1745805650,2025-04-28 05:00:50,0
1745806365,2025-04-28 05:12:45,0
1745806970,2025-04-28 05:22:50,0
1745807612,2025-04-28 05:33:32,0
1745808266,2025-04-28 05:44:26,0
1745809116,2025-04-28 05:58:36,0
1745809748,2025-04-28 06:09:08,0
1745810358,2025-04-28 06:19:18,0
1745811255,2025-04-28 06:34:15,0
1745812126,2025-04-28 06:48:46,0
1745813374,2025-04-28 07:09:34,0
1745814348,2025-04-28 07:25:48,0
1745815052,2025-04-28 07:37:32,0
1745815688,2025-04-28 07:48:08,0
1745815695,2025-04-28 07:48:15,0
1745816392,2025-04-28 07:59:52,0
1745817009,2025-04-28 08:10:09,0
1745817610,2025-04-28 08:20:10,0
1745818251,2025-04-28 08:30:51,0
1745818888,2025-04-28 08:41:28,0
1745819487,2025-04-28 08:51:27,0
1745820101,2025-04-28 09:01:41,0
1745820705,2025-04-28 09:11:45,0
1745821303,2025-04-28 09:21:43,0
1745821950,2025-04-28 09:32:30,0
1745822545,2025-04-28 09:42:25,0
1745823159,2025-04-28 09:52:39,0
1745823760,2025-04-28 10:02:40,0
1745824361,2025-04-28 10:12:41,0
1745824963,2025-04-28 10:22:43,0
1745825564,2025-04-28 10:32:44,0
1745826164,2025-04-28 10:42:44,0
1745826763,2025-04-28 10:52:43,0
1745826764,2025-04-28 10:52:44,0
1745827366,2025-04-28 11:02:46,0
1745828565,2025-04-28 11:22:45,0
1745829765,2025-04-28 11:42:45,0
1745830979,2025-04-28 12:02:59,0
1745831581,2025-04-28 12:13:01,0
1745832198,2025-04-28 12:23:18,0
1745832799,2025-04-28 12:33:19,0
1745833405,2025-04-28 12:43:25,0
1745834003,2025-04-28 12:53:23,0
1745834621,2025-04-28 13:03:41,0
1745835243,2025-04-28 13:14:03,0
1745835841,2025-04-28 13:24:01,0
1745836445,2025-04-28 13:34:05,0
1745837071,2025-04-28 13:44:31,0
1745837673,2025-04-28 13:54:33,0
1745838271,2025-04-28 14:04:31,0
1745838873,2025-04-28 14:14:33,0
1745839472,2025-04-28 14:24:32,0
1745840072,2025-04-28 14:34:32,0
1745840674,2025-04-28 14:44:34,0
1745841873,2025-04-28 15:04:33,0
1745842471,2025-04-28 15:14:31,0
1745843074,2025-04-28 15:24:34,0
1745843672,2025-04-28 15:34:32,0
1745844273,2025-04-28 15:44:33,0
1745844873,2025-04-28 15:54:33,0
1745845474,2025-04-28 16:04:34,0
1745846075,2025-04-28 16:14:35,0
1745846673,2025-04-28 16:24:33,0
1745847276,2025-04-28 16:34:36,0
1745847875,2025-04-28 16:44:35,0
1745848475,2025-04-28 16:54:35,0
1745849073,2025-04-28 17:04:33,0
1745849680,2025-04-28 17:14:40,0
1745850279,2025-04-28 17:24:39,0
1745851483,2025-04-28 17:44:43,0
1745852085,2025-04-28 17:54:45,0
1745852688,2025-04-28 18:04:48,0
1745853316,2025-04-28 18:15:16,0
1745853915,2025-04-28 18:25:15,0
1745854513,2025-04-28 18:35:13,0
1745855115,2025-04-28 18:45:15,0
1745855719,2025-04-28 18:55:19,0
1745856321,2025-04-28 19:05:21,0
1745856926,2025-04-28 19:15:26,0
1745857527,2025-04-28 19:25:27,0
1745858174,2025-04-28 19:36:14,0
1745858775,2025-04-28 19:46:15,0
1745859387,2025-04-28 19:56:27,0
1745859992,2025-04-28 20:06:32,0
1745859993,2025-04-28 20:06:33,0
1745860600,2025-04-28 20:16:40,0
1745861202,2025-04-28 20:26:42,0
1745861814,2025-04-28 20:36:54,0
1745862414,2025-04-28 20:46:54,0
1745863028,2025-04-28 20:57:08,0
1745863625,2025-04-28 21:07:05,0
1745864226,2025-04-28 21:17:06,0
1745864831,2025-04-28 21:27:11,0
1745865450,2025-04-28 21:37:30,0
1745866060,2025-04-28 21:47:40,0
1745866660,2025-04-28 21:57:40,0
1745867262,2025-04-28 22:07:42,0
1745867872,2025-04-28 22:17:52,0
1745868471,2025-04-28 22:27:51,0
1745869082,2025-04-28 22:38:02,0
1745869679,2025-04-28 22:47:59,0
1745870281,2025-04-28 22:58:01,0
1745870880,2025-04-28 23:08:00,0
1745871480,2025-04-28 23:18:00,0
1745872088,2025-04-28 23:28:08,0
1745873287,2025-04-28 23:48:07,0
1745873888,2025-04-28 23:58:08,0
1745874486,2025-04-29 00:08:06,0
1745875086,2025-04-29 00:18:06,0
1745876291,2025-04-29 00:38:11,0
1745876890,2025-04-29 00:48:10,0
1745877493,2025-04-29 00:58:13,0
1745878693,2025-04-29 01:18:13,0
1745879295,2025-04-29 01:28:15,0
1745879895,2025-04-29 01:38:15,0
1745880494,2025-04-29 01:48:14,0
1745881096,2025-04-29 01:58:16,0
1745882295,2025-04-29 02:18:15,0
1745882893,2025-04-29 02:28:13,0
1745884096,2025-04-29 02:48:16,0
1745884696,2025-04-29 02:58:16,0
1745885299,2025-04-29 03:08:19,0
1745885895,2025-04-29 03:18:15,0
1745886498,2025-04-29 03:28:18,0
1745887097,2025-04-29 03:38:17,0
1745887701,2025-04-29 03:48:21,0
1745888300,2025-04-29 03:58:20,0
1745888899,2025-04-29 04:08:19,0
1745889499,2025-04-29 04:18:19,0
1745890103,2025-04-29 04:28:23,0
1745890702,2025-04-29 04:38:22,0
1745891301,2025-04-29 04:48:21,0
1745891901,2025-04-29 04:58:21,0
1745893103,2025-04-29 05:18:23,0
1745893703,2025-04-29 05:28:23,0
1745894302,2025-04-29 05:38:22,0
1745894905,2025-04-29 05:48:25,0
1745895505,2025-04-29 05:58:25,0
1745896105,2025-04-29 06:08:25,0
1745896106,2025-04-29 06:08:26,0
1745897307,2025-04-29 06:28:27,0
1745897907,2025-04-29 06:38:27,0
1745898594,2025-04-29 06:49:54,0
1745899269,2025-04-29 07:01:09,0
1745899904,2025-04-29 07:11:44,0
1745900965,2025-04-29 07:29:25,0
1745901566,2025-04-29 07:39:26,0
1745902165,2025-04-29 07:49:25,0
1745902820,2025-04-29 08:00:20,0
1745903473,2025-04-29 08:11:13,0
1745904122,2025-04-29 08:22:02,0
1745904760,2025-04-29 08:32:40,0
1745905385,2025-04-29 08:43:05,0
1745906000,2025-04-29 08:53:20,0
1745906628,2025-04-29 09:03:48,0
1745907885,2025-04-29 09:24:45,0
1745908489,2025-04-29 09:34:49,0
1745908495,2025-04-29 09:34:55,0
1745909118,2025-04-29 09:45:18,0
1745909723,2025-04-29 09:55:23,0
1745910923,2025-04-29 10:15:23,0
1745911521,2025-04-29 10:25:21,0
1745912123,2025-04-29 10:35:23,0
1745912721,2025-04-29 10:45:21,0
1745913323,2025-04-29 10:55:23,0
1745914540,2025-04-29 11:15:40,0
1745914541,2025-04-29 11:15:41,0
1745914542,2025-04-29 11:15:42,0
1745915139,2025-04-29 11:25:39,0
1745916946,2025-04-29 11:55:46,0
1745918151,2025-04-29 12:15:51,0
1745918152,2025-04-29 12:15:52,0
1745919989,2025-04-29 12:46:29,0
1745921193,2025-04-29 13:06:33,0
1745922423,2025-04-29 13:27:03,0
1745923021,2025-04-29 13:37:01,0
1745924227,2025-04-29 13:57:07,0
1745925457,2025-04-29 14:17:37,0
1745925458,2025-04-29 14:17:38,0
1745926056,2025-04-29 14:27:36,0
1745926657,2025-04-29 14:37:37,0
1745927258,2025-04-29 14:47:38,0
1745928460,2025-04-29 15:07:40,0
1745929086,2025-04-29 15:18:06,0
1745929686,2025-04-29 15:28:06,0
1745930887,2025-04-29 15:48:07,0
1745931494,2025-04-29 15:58:14,0
1745932695,2025-04-29 16:18:15,0
1745933294,2025-04-29 16:28:14,0
1745933892,2025-04-29 16:38:12,0
1745935093,2025-04-29 16:58:13,0
1745936328,2025-04-29 17:18:48,0
1745936329,2025-04-29 17:18:49,0
1745937533,2025-04-29 17:38:53,0
1745938159,2025-04-29 17:49:19,0
1745939386,2025-04-29 18:09:46,0
1745939983,2025-04-29 18:19:43,0
1745941184,2025-04-29 18:39:44,0
1745941185,2025-04-29 18:39:45,0
1745942385,2025-04-29 18:59:45,0
1745942990,2025-04-29 19:09:50,0
1745943587,2025-04-29 19:19:47,0
1745944207,2025-04-29 19:30:07,0
1745944820,2025-04-29 19:40:20,0
1745945422,2025-04-29 19:50:22,0
1745946031,2025-04-29 20:00:31,0
1745946639,2025-04-29 20:10:39,0
1745947298,2025-04-29 20:21:38,0
1745947908,2025-04-29 20:31:48,0
1745949107,2025-04-29 20:51:47,0
1745949709,2025-04-29 21:01:49,0
1745950309,2025-04-29 21:11:49,0
1745950911,2025-04-29 21:21:51,0
1745951509,2025-04-29 21:31:49,0
1745952111,2025-04-29 21:41:51,0
1745952709,2025-04-29 21:51:49,0
1745953314,2025-04-29 22:01:54,0
1745953918,2025-04-29 22:11:58,0
1745954517,2025-04-29 22:21:57,0
1745955118,2025-04-29 22:31:58,0
1745955717,2025-04-29 22:41:57,0
1745956318,2025-04-29 22:51:58,0
1745956917,2025-04-29 23:01:57,0
1745957516,2025-04-29 23:11:56,0
1745958117,2025-04-29 23:21:57,0
1745958717,2025-04-29 23:31:57,0
1745962321,2025-04-30 00:32:01,0
1745964721,2025-04-30 01:12:01,0
1745965321,2025-04-30 01:22:01,0
1745965922,2025-04-30 01:32:02,0
1745966520,2025-04-30 01:42:00,0
1745967120,2025-04-30 01:52:00,0
1745967722,2025-04-30 02:02:02,0
1745968322,2025-04-30 02:12:02,0
1745968922,2025-04-30 02:22:02,0
1745969522,2025-04-30 02:32:02,0
1745970121,2025-04-30 02:42:01,0
1745970721,2025-04-30 02:52:01,0
1745971326,2025-04-30 03:02:06,0
1745971924,2025-04-30 03:12:04,0
1745972523,2025-04-30 03:22:03,0
1745973123,2025-04-30 03:32:03,0
1745973725,2025-04-30 03:42:05,0
1745974325,2025-04-30 03:52:05,0
1745974924,2025-04-30 04:02:04,0
1745975525,2025-04-30 04:12:05,0
1745976124,2025-04-30 04:22:04,0
1745976728,2025-04-30 04:32:08,0
1745977927,2025-04-30 04:52:07,0
1745978526,2025-04-30 05:02:06,0
1745978527,2025-04-30 05:02:07,0
1745979130,2025-04-30 05:12:10,0
1745979729,2025-04-30 05:22:09,0
1745980331,2025-04-30 05:32:11,0
1745980928,2025-04-30 05:42:08,0
1745981531,2025-04-30 05:52:11,0
1745982131,2025-04-30 06:02:11,0
1745982730,2025-04-30 06:12:10,0
1745983333,2025-04-30 06:22:13,0
1745984026,2025-04-30 06:33:46,0
1745984880,2025-04-30 06:48:00,0
1745986198,2025-04-30 07:09:58,0
1745986850,2025-04-30 07:20:50,0
1745987475,2025-04-30 07:31:15,0
1745988121,2025-04-30 07:42:01,0
1745988924,2025-04-30 07:55:24,0
1745990224,2025-04-30 08:17:04,0
1745990825,2025-04-30 08:27:05,0
1745991482,2025-04-30 08:38:02,0
1745992079,2025-04-30 08:47:59,0
1745992682,2025-04-30 08:58:02,0
1745993354,2025-04-30 09:09:14,0
1745993957,2025-04-30 09:19:17,0
1745994596,2025-04-30 09:29:56,0
1745995222,2025-04-30 09:40:22,0
1745995820,2025-04-30 09:50:20,0
1745997020,2025-04-30 10:10:20,0
1745997625,2025-04-30 10:20:25,0
1745998223,2025-04-30 10:30:23,0
1745999423,2025-04-30 10:50:23,0
1746000023,2025-04-30 11:00:23,0
1746000631,2025-04-30 11:10:31,0
1746001232,2025-04-30 11:20:32,0
1746001831,2025-04-30 11:30:31,0
1746002430,2025-04-30 11:40:30,0
1746002439,2025-04-30 11:40:39,0
1746003031,2025-04-30 11:50:31,0
1746003637,2025-04-30 12:00:37,0
1746004238,2025-04-30 12:10:38,0
1746004838,2025-04-30 12:20:38,0
1746005475,2025-04-30 12:31:15,0
1746006073,2025-04-30 12:41:13,0
1746006682,2025-04-30 12:51:22,0
1746007309,2025-04-30 13:01:49,0
1746007916,2025-04-30 13:11:56,0
1746008532,2025-04-30 13:22:12,0
1746009134,2025-04-30 13:32:14,0
1746009736,2025-04-30 13:42:16,0
1746010385,2025-04-30 13:53:05,0
1746010985,2025-04-30 14:03:05,0
1746011585,2025-04-30 14:13:05,0
1746012184,2025-04-30 14:23:04,0
1746012791,2025-04-30 14:33:11,0
1746013393,2025-04-30 14:43:13,0
1746013991,2025-04-30 14:53:11,0
1746014594,2025-04-30 15:03:14,0
1746015192,2025-04-30 15:13:12,0
1746015792,2025-04-30 15:23:12,0
1746016393,2025-04-30 15:33:13,0
1746016991,2025-04-30 15:43:11,0
1746017593,2025-04-30 15:53:13,0
1746018194,2025-04-30 16:03:14,0
1746018793,2025-04-30 16:13:13,0
1746019395,2025-04-30 16:23:15,0
1746019994,2025-04-30 16:33:14,0
1746020594,2025-04-30 16:43:14,0
1746021195,2025-04-30 16:53:15,0
1746021802,2025-04-30 17:03:22,0
1746022401,2025-04-30 17:13:21,0
1746023002,2025-04-30 17:23:22,0
1746023613,2025-04-30 17:33:33,0
1746024211,2025-04-30 17:43:31,0
1746024813,2025-04-30 17:53:33,0
1746025411,2025-04-30 18:03:31,0
1746026013,2025-04-30 18:13:33,0
1746026612,2025-04-30 18:23:32,0
1746027212,2025-04-30 18:33:32,0
1746027813,2025-04-30 18:43:33,0
1746028416,2025-04-30 18:53:36,0
1746029016,2025-04-30 19:03:36,0
1746029615,2025-04-30 19:13:35,0
1746030213,2025-04-30 19:23:33,0
1746030815,2025-04-30 19:33:35,0
1746031413,2025-04-30 19:43:33,0
1746032017,2025-04-30 19:53:37,0
1746032615,2025-04-30 20:03:35,0
1746033216,2025-04-30 20:13:36,0
1746033820,2025-04-30 20:23:40,0
1746034422,2025-04-30 20:33:42,0
1746035020,2025-04-30 20:43:40,0
1746035622,2025-04-30 20:53:42,0
1746036220,2025-04-30 21:03:40,0
1746036820,2025-04-30 21:13:40,0
1746037426,2025-04-30 21:23:46,0
